{
	"configs" : [
		{
			"remarks" : "上海联通(倍率:1)",
			"id" : "8ED0508EA24FDF03345C11D7B245E76B",
			"server" : "cn.shun.ccddns.online",
			"server_port" : 29034,
			"server_udp_port" : 0,
			"password" : "zIeStj",
			"method" : "chacha20-ietf",
			"protocol" : "origin",
			"protocolparam" : "",
			"obfs" : "plain",
			"obfsparam" : "",
			"remarks_base64" : "5LiK5rW36IGU6YCaKOWAjeeOhzoxKQ",
			"group" : "CordCloud",
			"enable" : true,
			"udp_over_tcp" : false
		},
		{
			"remarks" : "伦敦VH(倍率:0.6)",
			"id" : "A6D38FF631C31A49BDC8B7E59B564FF8",
			"server" : "uk.vh.ccddns.online",
			"server_port" : 29034,
			"server_udp_port" : 0,
			"password" : "zIeStj",
			"method" : "chacha20-ietf",
			"protocol" : "origin",
			"protocolparam" : "",
			"obfs" : "plain",
			"obfsparam" : "",
			"remarks_base64" : "5Lym5pWmVkgo5YCN546HOjAuNik",
			"group" : "CordCloud",
			"enable" : true,
			"udp_over_tcp" : false
		},
		{
			"remarks" : "俄罗斯伯力(倍率:0.7)",
			"id" : "D46417EEAC66172DABD591DEB5659A6A",
			"server" : "92.223.80.112",
			"server_port" : 29034,
			"server_udp_port" : 0,
			"password" : "zIeStj",
			"method" : "chacha20-ietf",
			"protocol" : "origin",
			"protocolparam" : "",
			"obfs" : "plain",
			"obfsparam" : "",
			"remarks_base64" : "5L-E572X5pav5Lyv5YqbKOWAjeeOhzowLjcp",
			"group" : "CordCloud",
			"enable" : true,
			"udp_over_tcp" : false
		},
		{
			"remarks" : "俄罗斯伯力2(倍率:0.7)",
			"id" : "FC25ABAD76BBA24A83BB35F026DCDAA1",
			"server" : "92.223.80.123",
			"server_port" : 29034,
			"server_udp_port" : 0,
			"password" : "zIeStj",
			"method" : "chacha20-ietf",
			"protocol" : "origin",
			"protocolparam" : "",
			"obfs" : "plain",
			"obfsparam" : "",
			"remarks_base64" : "5L-E572X5pav5Lyv5YqbMijlgI3njoc6MC43KQ",
			"group" : "CordCloud",
			"enable" : true,
			"udp_over_tcp" : false
		},
		{
			"remarks" : "俄罗斯伯力3(倍率:0.7)",
			"id" : "B3B0EEA201E1997014C59908143119D0",
			"server" : "92.223.80.188",
			"server_port" : 29034,
			"server_udp_port" : 0,
			"password" : "zIeStj",
			"method" : "chacha20-ietf",
			"protocol" : "origin",
			"protocolparam" : "",
			"obfs" : "plain",
			"obfsparam" : "",
			"remarks_base64" : "5L-E572X5pav5Lyv5YqbMyjlgI3njoc6MC43KQ",
			"group" : "CordCloud",
			"enable" : true,
			"udp_over_tcp" : false
		},
		{
			"remarks" : "俄罗斯伯力4(倍率:0.7)",
			"id" : "C61BDECD5C71EFB1D173C084DD33D929",
			"server" : "92.223.80.191",
			"server_port" : 29034,
			"server_udp_port" : 0,
			"password" : "zIeStj",
			"method" : "chacha20-ietf",
			"protocol" : "origin",
			"protocolparam" : "",
			"obfs" : "plain",
			"obfsparam" : "",
			"remarks_base64" : "5L-E572X5pav5Lyv5YqbNCjlgI3njoc6MC43KQ",
			"group" : "CordCloud",
			"enable" : true,
			"udp_over_tcp" : false
		},
		{
			"remarks" : "俄罗斯伯力5(倍率:0.7)",
			"id" : "FEC12D621AA57D4DB5F79337F6974219",
			"server" : "92.223.80.192",
			"server_port" : 29034,
			"server_udp_port" : 0,
			"password" : "zIeStj",
			"method" : "chacha20-ietf",
			"protocol" : "origin",
			"protocolparam" : "",
			"obfs" : "plain",
			"obfsparam" : "",
			"remarks_base64" : "5L-E572X5pav5Lyv5YqbNSjlgI3njoc6MC43KQ",
			"group" : "CordCloud",
			"enable" : true,
			"udp_over_tcp" : false
		},
		{
			"remarks" : "俄罗斯新西伯利亚(倍率:0.5)",
			"id" : "8A8EEBE085C2FC9847ADB0A63660941B",
			"server" : "103.136.186.106",
			"server_port" : 29034,
			"server_udp_port" : 0,
			"password" : "zIeStj",
			"method" : "chacha20-ietf",
			"protocol" : "origin",
			"protocolparam" : "",
			"obfs" : "plain",
			"obfsparam" : "",
			"remarks_base64" : "5L-E572X5pav5paw6KW_5Lyv5Yip5LqaKOWAjeeOhzowLjUp",
			"group" : "CordCloud",
			"enable" : true,
			"udp_over_tcp" : false
		},
		{
			"remarks" : "俄罗斯莫斯科(倍率:0.5)",
			"id" : "899AB2CB3678147B26F7661B05C2FE40",
			"server" : "ru.mel.ccddns.online",
			"server_port" : 29034,
			"server_udp_port" : 0,
			"password" : "zIeStj",
			"method" : "chacha20-ietf",
			"protocol" : "origin",
			"protocolparam" : "",
			"obfs" : "plain",
			"obfsparam" : "",
			"remarks_base64" : "5L-E572X5pav6I6r5pav56eRKOWAjeeOhzowLjUp",
			"group" : "CordCloud",
			"enable" : true,
			"udp_over_tcp" : false
		},
		{
			"remarks" : "北京BGP(倍率:1)",
			"id" : "F2C000974895928F73842EFA0EB0967A",
			"server" : "117.50.69.227",
			"server_port" : 29034,
			"server_udp_port" : 0,
			"password" : "zIeStj",
			"method" : "chacha20-ietf",
			"protocol" : "origin",
			"protocolparam" : "",
			"obfs" : "plain",
			"obfsparam" : "",
			"remarks_base64" : "5YyX5LqsQkdQKOWAjeeOhzoxKQ",
			"group" : "CordCloud",
			"enable" : true,
			"udp_over_tcp" : false
		},
		{
			"remarks" : "台湾Hinet(倍率:0.9)",
			"id" : "2D477157201C4A51C6E6C22EBE39C20B",
			"server" : "tw.hinet.ccddns.online",
			"server_port" : 29034,
			"server_udp_port" : 0,
			"password" : "zIeStj",
			"method" : "chacha20-ietf",
			"protocol" : "origin",
			"protocolparam" : "",
			"obfs" : "plain",
			"obfsparam" : "",
			"remarks_base64" : "5Y-w5rm-SGluZXQo5YCN546HOjAuOSk",
			"group" : "CordCloud",
			"enable" : true,
			"udp_over_tcp" : false
		},
		{
			"remarks" : "台湾Hinet11(倍率:0.9)",
			"id" : "8E6B35068540BF6B33C1BBAA542211B2",
			"server" : "tw.hinet11.ccddns.online",
			"server_port" : 29034,
			"server_udp_port" : 0,
			"password" : "zIeStj",
			"method" : "chacha20-ietf",
			"protocol" : "origin",
			"protocolparam" : "",
			"obfs" : "plain",
			"obfsparam" : "",
			"remarks_base64" : "5Y-w5rm-SGluZXQxMSjlgI3njoc6MC45KQ",
			"group" : "CordCloud",
			"enable" : true,
			"udp_over_tcp" : false
		},
		{
			"remarks" : "台湾Hinet12(倍率:0.9)",
			"id" : "6028051BF51D0F32693360A6A751C73A",
			"server" : "tw.hinet12.ccddns.online",
			"server_port" : 29034,
			"server_udp_port" : 0,
			"password" : "zIeStj",
			"method" : "chacha20-ietf",
			"protocol" : "origin",
			"protocolparam" : "",
			"obfs" : "plain",
			"obfsparam" : "",
			"remarks_base64" : "5Y-w5rm-SGluZXQxMijlgI3njoc6MC45KQ",
			"group" : "CordCloud",
			"enable" : true,
			"udp_over_tcp" : false
		},
		{
			"remarks" : "台湾Hinet15(倍率:0.9)",
			"id" : "B511C1E377CCC85C506AE61495EBABEE",
			"server" : "tw.hinet15.ccddns.online",
			"server_port" : 29034,
			"server_udp_port" : 0,
			"password" : "zIeStj",
			"method" : "chacha20-ietf",
			"protocol" : "origin",
			"protocolparam" : "",
			"obfs" : "plain",
			"obfsparam" : "",
			"remarks_base64" : "5Y-w5rm-SGluZXQxNSjlgI3njoc6MC45KQ",
			"group" : "CordCloud",
			"enable" : true,
			"udp_over_tcp" : false
		},
		{
			"remarks" : "台湾Hinet2(倍率:0.9)",
			"id" : "2FD4C15F9B1E0D9657F3BAFC3F9DC598",
			"server" : "tw.hinet2.ccddns.online",
			"server_port" : 29034,
			"server_udp_port" : 0,
			"password" : "zIeStj",
			"method" : "chacha20-ietf",
			"protocol" : "origin",
			"protocolparam" : "",
			"obfs" : "plain",
			"obfsparam" : "",
			"remarks_base64" : "5Y-w5rm-SGluZXQyKOWAjeeOhzowLjkp",
			"group" : "CordCloud",
			"enable" : true,
			"udp_over_tcp" : false
		},
		{
			"remarks" : "台湾Hinet3(倍率:0.9)",
			"id" : "7E771D2D48DF5B7A1A2B01CE991D5252",
			"server" : "tw.hinet3.ccddns.online",
			"server_port" : 29034,
			"server_udp_port" : 0,
			"password" : "zIeStj",
			"method" : "chacha20-ietf",
			"protocol" : "origin",
			"protocolparam" : "",
			"obfs" : "plain",
			"obfsparam" : "",
			"remarks_base64" : "5Y-w5rm-SGluZXQzKOWAjeeOhzowLjkp",
			"group" : "CordCloud",
			"enable" : true,
			"udp_over_tcp" : false
		},
		{
			"remarks" : "台湾Hinet4(倍率:0.9)",
			"id" : "0613884724D337711A9F9CDF9EB70866",
			"server" : "tw.hinet4.ccddns.online",
			"server_port" : 29034,
			"server_udp_port" : 0,
			"password" : "zIeStj",
			"method" : "chacha20-ietf",
			"protocol" : "origin",
			"protocolparam" : "",
			"obfs" : "plain",
			"obfsparam" : "",
			"remarks_base64" : "5Y-w5rm-SGluZXQ0KOWAjeeOhzowLjkp",
			"group" : "CordCloud",
			"enable" : true,
			"udp_over_tcp" : false
		},
		{
			"remarks" : "台湾Hinet5(倍率:0.9)",
			"id" : "6E32D79D5F893947469A88B631ED734B",
			"server" : "tw.hinet5.ccddns.online",
			"server_port" : 29034,
			"server_udp_port" : 0,
			"password" : "zIeStj",
			"method" : "chacha20-ietf",
			"protocol" : "origin",
			"protocolparam" : "",
			"obfs" : "plain",
			"obfsparam" : "",
			"remarks_base64" : "5Y-w5rm-SGluZXQ1KOWAjeeOhzowLjkp",
			"group" : "CordCloud",
			"enable" : true,
			"udp_over_tcp" : false
		},
		{
			"remarks" : "台湾Hinet6(倍率:0.9)",
			"id" : "B8B23B0990102620D6FD94866CB5CC28",
			"server" : "tw.hinet6.ccddns.online",
			"server_port" : 29034,
			"server_udp_port" : 0,
			"password" : "zIeStj",
			"method" : "chacha20-ietf",
			"protocol" : "origin",
			"protocolparam" : "",
			"obfs" : "plain",
			"obfsparam" : "",
			"remarks_base64" : "5Y-w5rm-SGluZXQ2KOWAjeeOhzowLjkp",
			"group" : "CordCloud",
			"enable" : true,
			"udp_over_tcp" : false
		},
		{
			"remarks" : "台湾Hinet7(倍率:0.9)",
			"id" : "1D1B0F4FC4106ACF2AB25A8D6C26AA9C",
			"server" : "tw.hinet7.ccddns.online",
			"server_port" : 29034,
			"server_udp_port" : 0,
			"password" : "zIeStj",
			"method" : "chacha20-ietf",
			"protocol" : "origin",
			"protocolparam" : "",
			"obfs" : "plain",
			"obfsparam" : "",
			"remarks_base64" : "5Y-w5rm-SGluZXQ3KOWAjeeOhzowLjkp",
			"group" : "CordCloud",
			"enable" : true,
			"udp_over_tcp" : false
		},
		{
			"remarks" : "台湾Hinet8(倍率:0.9)",
			"id" : "38D214D1F4EBFFD5AC47514AA022FFDD",
			"server" : "tw.hinet8.ccddns.online",
			"server_port" : 29034,
			"server_udp_port" : 0,
			"password" : "zIeStj",
			"method" : "chacha20-ietf",
			"protocol" : "origin",
			"protocolparam" : "",
			"obfs" : "plain",
			"obfsparam" : "",
			"remarks_base64" : "5Y-w5rm-SGluZXQ4KOWAjeeOhzowLjkp",
			"group" : "CordCloud",
			"enable" : true,
			"udp_over_tcp" : false
		},
		{
			"remarks" : "台湾Hinet9(倍率:0.9)",
			"id" : "690B20C52679072D7A45C82048C21374",
			"server" : "tw.hinet9.ccddns.online",
			"server_port" : 29034,
			"server_udp_port" : 0,
			"password" : "zIeStj",
			"method" : "chacha20-ietf",
			"protocol" : "origin",
			"protocolparam" : "",
			"obfs" : "plain",
			"obfsparam" : "",
			"remarks_base64" : "5Y-w5rm-SGluZXQ5KOWAjeeOhzowLjkp",
			"group" : "CordCloud",
			"enable" : true,
			"udp_over_tcp" : false
		},
		{
			"remarks" : "德国TL(倍率:0.6)",
			"id" : "46698E7772B1943BFD7548CCBB2C51FE",
			"server" : "194.32.79.239",
			"server_port" : 29034,
			"server_udp_port" : 0,
			"password" : "zIeStj",
			"method" : "chacha20-ietf",
			"protocol" : "origin",
			"protocolparam" : "",
			"obfs" : "plain",
			"obfsparam" : "",
			"remarks_base64" : "5b635Zu9VEwo5YCN546HOjAuNik",
			"group" : "CordCloud",
			"enable" : true,
			"udp_over_tcp" : false
		},
		{
			"remarks" : "德国TL2(倍率:0.6)",
			"id" : "E10B248C6ED1CD21AACD623F839BF93B",
			"server" : "45.137.148.147",
			"server_port" : 29034,
			"server_udp_port" : 0,
			"password" : "zIeStj",
			"method" : "chacha20-ietf",
			"protocol" : "origin",
			"protocolparam" : "",
			"obfs" : "plain",
			"obfsparam" : "",
			"remarks_base64" : "5b635Zu9VEwyKOWAjeeOhzowLjYp",
			"group" : "CordCloud",
			"enable" : true,
			"udp_over_tcp" : false
		},
		{
			"remarks" : "德国TL3(倍率:0.6)",
			"id" : "AFCCDFABFF38B170F74CBACEE5339EF5",
			"server" : "194.32.79.48",
			"server_port" : 29034,
			"server_udp_port" : 0,
			"password" : "zIeStj",
			"method" : "chacha20-ietf",
			"protocol" : "origin",
			"protocolparam" : "",
			"obfs" : "plain",
			"obfsparam" : "",
			"remarks_base64" : "5b635Zu9VEwzKOWAjeeOhzowLjYp",
			"group" : "CordCloud",
			"enable" : true,
			"udp_over_tcp" : false
		},
		{
			"remarks" : "新加坡AWS(倍率:0.6)",
			"id" : "550883641D05A4279582201835CE1BB6",
			"server" : "sgp.aws.ccddns.online",
			"server_port" : 29034,
			"server_udp_port" : 0,
			"password" : "zIeStj",
			"method" : "chacha20-ietf",
			"protocol" : "origin",
			"protocolparam" : "",
			"obfs" : "plain",
			"obfsparam" : "",
			"remarks_base64" : "5paw5Yqg5Z2hQVdTKOWAjeeOhzowLjYp",
			"group" : "CordCloud",
			"enable" : true,
			"udp_over_tcp" : false
		},
		{
			"remarks" : "新加坡Azure(倍率:0.7)",
			"id" : "3CA9C2640B24185975567A825183AD7F",
			"server" : "20.184.10.66",
			"server_port" : 29034,
			"server_udp_port" : 0,
			"password" : "zIeStj",
			"method" : "chacha20-ietf",
			"protocol" : "origin",
			"protocolparam" : "",
			"obfs" : "plain",
			"obfsparam" : "",
			"remarks_base64" : "5paw5Yqg5Z2hQXp1cmUo5YCN546HOjAuNyk",
			"group" : "CordCloud",
			"enable" : true,
			"udp_over_tcp" : false
		},
		{
			"remarks" : "日本AWS(倍率:0.5)",
			"id" : "211432B903D2F8E49586E0209A8E444C",
			"server" : "jp.aws.ccddns.online",
			"server_port" : 29034,
			"server_udp_port" : 0,
			"password" : "zIeStj",
			"method" : "chacha20-ietf",
			"protocol" : "origin",
			"protocolparam" : "",
			"obfs" : "plain",
			"obfsparam" : "",
			"remarks_base64" : "5pel5pysQVdTKOWAjeeOhzowLjUp",
			"group" : "CordCloud",
			"enable" : true,
			"udp_over_tcp" : false
		},
		{
			"remarks" : "日本CloudN(倍率:0.7)",
			"id" : "24917E168ACF94F835FA030A3D20408A",
			"server" : "jp.cloudn.ccddns.online",
			"server_port" : 29034,
			"server_udp_port" : 0,
			"password" : "zIeStj",
			"method" : "chacha20-ietf",
			"protocol" : "origin",
			"protocolparam" : "",
			"obfs" : "plain",
			"obfsparam" : "",
			"remarks_base64" : "5pel5pysQ2xvdWROKOWAjeeOhzowLjcp",
			"group" : "CordCloud",
			"enable" : true,
			"udp_over_tcp" : false
		},
		{
			"remarks" : "日本GMO2(倍率:0.7)",
			"id" : "368A0C15FD73434EA2801D52ECCA0E0C",
			"server" : "jp.gmo2.ccddns.online",
			"server_port" : 29034,
			"server_udp_port" : 0,
			"password" : "zIeStj",
			"method" : "chacha20-ietf",
			"protocol" : "origin",
			"protocolparam" : "",
			"obfs" : "plain",
			"obfsparam" : "",
			"remarks_base64" : "5pel5pysR01PMijlgI3njoc6MC43KQ",
			"group" : "CordCloud",
			"enable" : true,
			"udp_over_tcp" : false
		},
		{
			"remarks" : "日本GMO4(倍率:0.7)",
			"id" : "9FDAB9218272BCBF4523A4089A20A1F1",
			"server" : "jp.gmo4.ccddns.online",
			"server_port" : 29034,
			"server_udp_port" : 0,
			"password" : "zIeStj",
			"method" : "chacha20-ietf",
			"protocol" : "origin",
			"protocolparam" : "",
			"obfs" : "plain",
			"obfsparam" : "",
			"remarks_base64" : "5pel5pysR01PNCjlgI3njoc6MC43KQ",
			"group" : "CordCloud",
			"enable" : true,
			"udp_over_tcp" : false
		},
		{
			"remarks" : "日本GMO5(倍率:0.7)",
			"id" : "03FF728094EE73B3068485E969ECC01B",
			"server" : "jp.gmo5.ccddns.online",
			"server_port" : 29034,
			"server_udp_port" : 0,
			"password" : "zIeStj",
			"method" : "chacha20-ietf",
			"protocol" : "origin",
			"protocolparam" : "",
			"obfs" : "plain",
			"obfsparam" : "",
			"remarks_base64" : "5pel5pysR01PNSjlgI3njoc6MC43KQ",
			"group" : "CordCloud",
			"enable" : true,
			"udp_over_tcp" : false
		},
		{
			"remarks" : "日本IDCF(倍率:0.8)",
			"id" : "D43352829256F62528A008690E82730C",
			"server" : "210.152.87.146",
			"server_port" : 29034,
			"server_udp_port" : 0,
			"password" : "zIeStj",
			"method" : "chacha20-ietf",
			"protocol" : "origin",
			"protocolparam" : "",
			"obfs" : "plain",
			"obfsparam" : "",
			"remarks_base64" : "5pel5pysSURDRijlgI3njoc6MC44KQ",
			"group" : "CordCloud",
			"enable" : true,
			"udp_over_tcp" : false
		},
		{
			"remarks" : "日本IDCF2(倍率:0.8)",
			"id" : "A19767115559C7A549E5B4FBA1BEF531",
			"server" : "203.137.193.163",
			"server_port" : 29034,
			"server_udp_port" : 0,
			"password" : "zIeStj",
			"method" : "chacha20-ietf",
			"protocol" : "origin",
			"protocolparam" : "",
			"obfs" : "plain",
			"obfsparam" : "",
			"remarks_base64" : "5pel5pysSURDRjIo5YCN546HOjAuOCk",
			"group" : "CordCloud",
			"enable" : true,
			"udp_over_tcp" : false
		},
		{
			"remarks" : "日本IDCF3(倍率:0.8)",
			"id" : "D5BEBB55111071C2113995DD288CDE68",
			"server" : "210.129.10.217",
			"server_port" : 29034,
			"server_udp_port" : 0,
			"password" : "zIeStj",
			"method" : "chacha20-ietf",
			"protocol" : "origin",
			"protocolparam" : "",
			"obfs" : "plain",
			"obfsparam" : "",
			"remarks_base64" : "5pel5pysSURDRjMo5YCN546HOjAuOCk",
			"group" : "CordCloud",
			"enable" : true,
			"udp_over_tcp" : false
		},
		{
			"remarks" : "日本IDCF4(倍率:0.8)",
			"id" : "FF6EBBA631F46D4E2CF69E48209C65F5",
			"server" : "210.152.114.3",
			"server_port" : 29034,
			"server_udp_port" : 0,
			"password" : "zIeStj",
			"method" : "chacha20-ietf",
			"protocol" : "origin",
			"protocolparam" : "",
			"obfs" : "plain",
			"obfsparam" : "",
			"remarks_base64" : "5pel5pysSURDRjQo5YCN546HOjAuOCk",
			"group" : "CordCloud",
			"enable" : true,
			"udp_over_tcp" : false
		},
		{
			"remarks" : "日本IDCF6(倍率:0.8)",
			"id" : "E89235DC706E866DF70F65E3E1479B84",
			"server" : "210.129.10.109",
			"server_port" : 29034,
			"server_udp_port" : 0,
			"password" : "zIeStj",
			"method" : "chacha20-ietf",
			"protocol" : "origin",
			"protocolparam" : "",
			"obfs" : "plain",
			"obfsparam" : "",
			"remarks_base64" : "5pel5pysSURDRjYo5YCN546HOjAuOCk",
			"group" : "CordCloud",
			"enable" : true,
			"udp_over_tcp" : false
		},
		{
			"remarks" : "日本IDCF8(倍率:0.8)",
			"id" : "F269B2C5D8EF33E13A3BDC7286036DD8",
			"server" : "203.137.161.165",
			"server_port" : 29034,
			"server_udp_port" : 0,
			"password" : "zIeStj",
			"method" : "chacha20-ietf",
			"protocol" : "origin",
			"protocolparam" : "",
			"obfs" : "plain",
			"obfsparam" : "",
			"remarks_base64" : "5pel5pysSURDRjgo5YCN546HOjAuOCk",
			"group" : "CordCloud",
			"enable" : true,
			"udp_over_tcp" : false
		},
		{
			"remarks" : "日本IDCF9(倍率:0.8)",
			"id" : "9BB27881AEEA31507646998A26BFA694",
			"server" : "210.152.84.93",
			"server_port" : 29034,
			"server_udp_port" : 0,
			"password" : "zIeStj",
			"method" : "chacha20-ietf",
			"protocol" : "origin",
			"protocolparam" : "",
			"obfs" : "plain",
			"obfsparam" : "",
			"remarks_base64" : "5pel5pysSURDRjko5YCN546HOjAuOCk",
			"group" : "CordCloud",
			"enable" : true,
			"udp_over_tcp" : false
		},
		{
			"remarks" : "日本M247(10Gbps)(倍率:0.7)",
			"id" : "43C10AAA00E70C8628743C6612ABF815",
			"server" : "45.88.43.207",
			"server_port" : 29034,
			"server_udp_port" : 0,
			"password" : "zIeStj",
			"method" : "chacha20-ietf",
			"protocol" : "origin",
			"protocolparam" : "",
			"obfs" : "plain",
			"obfsparam" : "",
			"remarks_base64" : "5pel5pysTTI0NygxMEdicHMpKOWAjeeOhzowLjcp",
			"group" : "CordCloud",
			"enable" : true,
			"udp_over_tcp" : false
		},
		{
			"remarks" : "日本NTT(倍率:0.6)",
			"id" : "084C7C31C1ED1DA06EA459ACEC744456",
			"server" : "139.162.68.47",
			"server_port" : 29034,
			"server_udp_port" : 0,
			"password" : "zIeStj",
			"method" : "chacha20-ietf",
			"protocol" : "origin",
			"protocolparam" : "",
			"obfs" : "plain",
			"obfsparam" : "",
			"remarks_base64" : "5pel5pysTlRUKOWAjeeOhzowLjYp",
			"group" : "CordCloud",
			"enable" : true,
			"udp_over_tcp" : false
		},
		{
			"remarks" : "日本Webarena(倍率:0.5)",
			"id" : "F491AEE79F3B9B7F0C4537FD9C36681B",
			"server" : "jp.webarena.ccddns.online",
			"server_port" : 29034,
			"server_udp_port" : 0,
			"password" : "zIeStj",
			"method" : "chacha20-ietf",
			"protocol" : "origin",
			"protocolparam" : "",
			"obfs" : "plain",
			"obfsparam" : "",
			"remarks_base64" : "5pel5pysV2ViYXJlbmEo5YCN546HOjAuNSk",
			"group" : "CordCloud",
			"enable" : true,
			"udp_over_tcp" : false
		},
		{
			"remarks" : "深港专线转HGC2(倍率:2.5)",
			"id" : "1762850DEF1A1DDF76284B160A8C688C",
			"server" : "183.61.251.106",
			"server_port" : 29034,
			"server_udp_port" : 0,
			"password" : "zIeStj",
			"method" : "chacha20-ietf",
			"protocol" : "origin",
			"protocolparam" : "",
			"obfs" : "plain",
			"obfsparam" : "",
			"remarks_base64" : "5rex5riv5LiT57q_6L2sSEdDMijlgI3njoc6Mi41KQ",
			"group" : "CordCloud",
			"enable" : true,
			"udp_over_tcp" : false
		},
		{
			"remarks" : "深港专线转香港icable(1Gbps)(倍率:2.5)",
			"id" : "63F97F4D7079A0449FAEEB9A15313ACC",
			"server" : "hk.iepl-hkt.ccddns.online",
			"server_port" : 29034,
			"server_udp_port" : 0,
			"password" : "zIeStj",
			"method" : "chacha20-ietf",
			"protocol" : "origin",
			"protocolparam" : "",
			"obfs" : "plain",
			"obfsparam" : "",
			"remarks_base64" : "5rex5riv5LiT57q_6L2s6aaZ5rivaWNhYmxlKDFHYnBzKSjlgI3njoc6Mi41KQ",
			"group" : "CordCloud",
			"enable" : true,
			"udp_over_tcp" : false
		},
		{
			"remarks" : "深港专线转香港HKT2(倍率:2.5)",
			"id" : "75664AEF5A008523FE8DA229D446E979",
			"server" : "hk.iepl-hkt2.ccddns.online",
			"server_port" : 29034,
			"server_udp_port" : 0,
			"password" : "zIeStj",
			"method" : "chacha20-ietf",
			"protocol" : "origin",
			"protocolparam" : "",
			"obfs" : "plain",
			"obfsparam" : "",
			"remarks_base64" : "5rex5riv5LiT57q_6L2s6aaZ5rivSEtUMijlgI3njoc6Mi41KQ",
			"group" : "CordCloud",
			"enable" : true,
			"udp_over_tcp" : false
		},
		{
			"remarks" : "深港专线转香港WTT(倍率:1.5)",
			"id" : "CF04888B189CCDEF4E7F2B5215BF712B",
			"server" : "hk.iepl-wtt.ccddns.online",
			"server_port" : 29034,
			"server_udp_port" : 0,
			"password" : "zIeStj",
			"method" : "chacha20-ietf",
			"protocol" : "origin",
			"protocolparam" : "",
			"obfs" : "plain",
			"obfsparam" : "",
			"remarks_base64" : "5rex5riv5LiT57q_6L2s6aaZ5rivV1RUKOWAjeeOhzoxLjUp",
			"group" : "CordCloud",
			"enable" : true,
			"udp_over_tcp" : false
		},
		{
			"remarks" : "深港临时专线(请直接连接)(倍率:1.5)",
			"id" : "6D728D7E167D8E37A185727F302A649D",
			"server" : "183.61.251.119",
			"server_port" : 29034,
			"server_udp_port" : 0,
			"password" : "zIeStj",
			"method" : "chacha20-ietf",
			"protocol" : "origin",
			"protocolparam" : "",
			"obfs" : "plain",
			"obfsparam" : "",
			"remarks_base64" : "5rex5riv5Li05pe25LiT57q_KOivt-ebtOaOpei_nuaOpSko5YCN546HOjEuNSk",
			"group" : "CordCloud",
			"enable" : true,
			"udp_over_tcp" : false
		},
		{
			"remarks" : "深港转香港LS(倍率:2.5)",
			"id" : "96763EFC9D86B2DA288D8445AF29146E",
			"server" : "183.61.251.120",
			"server_port" : 29034,
			"server_udp_port" : 0,
			"password" : "zIeStj",
			"method" : "chacha20-ietf",
			"protocol" : "origin",
			"protocolparam" : "",
			"obfs" : "plain",
			"obfsparam" : "",
			"remarks_base64" : "5rex5riv6L2s6aaZ5rivTFMo5YCN546HOjIuNSk",
			"group" : "CordCloud",
			"enable" : true,
			"udp_over_tcp" : false
		},
		{
			"remarks" : "美国AWS(倍率:0.5)",
			"id" : "618A89A7A26F28FE423243A5A6812462",
			"server" : "us.aws.ccddns.online",
			"server_port" : 29034,
			"server_udp_port" : 0,
			"password" : "zIeStj",
			"method" : "chacha20-ietf",
			"protocol" : "origin",
			"protocolparam" : "",
			"obfs" : "plain",
			"obfsparam" : "",
			"remarks_base64" : "576O5Zu9QVdTKOWAjeeOhzowLjUp",
			"group" : "CordCloud",
			"enable" : true,
			"udp_over_tcp" : false
		},
		{
			"remarks" : "美国DO(倍率:0.5)",
			"id" : "813BCC7DD4A130CDBAFFDD067790208B",
			"server" : "us.do.ccddns.online",
			"server_port" : 29034,
			"server_udp_port" : 0,
			"password" : "zIeStj",
			"method" : "chacha20-ietf",
			"protocol" : "origin",
			"protocolparam" : "",
			"obfs" : "plain",
			"obfsparam" : "",
			"remarks_base64" : "576O5Zu9RE8o5YCN546HOjAuNSk",
			"group" : "CordCloud",
			"enable" : true,
			"udp_over_tcp" : false
		},
		{
			"remarks" : "美国DS(倍率:0.5)",
			"id" : "F20B502358CABE5F7E0BE1F7811A1154",
			"server" : "142.54.171.178",
			"server_port" : 29034,
			"server_udp_port" : 0,
			"password" : "zIeStj",
			"method" : "chacha20-ietf",
			"protocol" : "origin",
			"protocolparam" : "",
			"obfs" : "plain",
			"obfsparam" : "",
			"remarks_base64" : "576O5Zu9RFMo5YCN546HOjAuNSk",
			"group" : "CordCloud",
			"enable" : true,
			"udp_over_tcp" : false
		},
		{
			"remarks" : "美国DS2(倍率:0.5)",
			"id" : "DE7652780F99612153DB6DABC41E2642",
			"server" : "142.54.171.179",
			"server_port" : 29034,
			"server_udp_port" : 0,
			"password" : "zIeStj",
			"method" : "chacha20-ietf",
			"protocol" : "origin",
			"protocolparam" : "",
			"obfs" : "plain",
			"obfsparam" : "",
			"remarks_base64" : "576O5Zu9RFMyKOWAjeeOhzowLjUp",
			"group" : "CordCloud",
			"enable" : true,
			"udp_over_tcp" : false
		},
		{
			"remarks" : "美国DS3(倍率:0.5)",
			"id" : "900A0D1EDA113C8169F6345BBC5DED3D",
			"server" : "142.54.171.180",
			"server_port" : 29034,
			"server_udp_port" : 0,
			"password" : "zIeStj",
			"method" : "chacha20-ietf",
			"protocol" : "origin",
			"protocolparam" : "",
			"obfs" : "plain",
			"obfsparam" : "",
			"remarks_base64" : "576O5Zu9RFMzKOWAjeeOhzowLjUp",
			"group" : "CordCloud",
			"enable" : true,
			"udp_over_tcp" : false
		},
		{
			"remarks" : "美国DS4(倍率:0.5)",
			"id" : "75C84443ED866D7267DE0BB3A81E04ED",
			"server" : "142.54.171.181",
			"server_port" : 29034,
			"server_udp_port" : 0,
			"password" : "zIeStj",
			"method" : "chacha20-ietf",
			"protocol" : "origin",
			"protocolparam" : "",
			"obfs" : "plain",
			"obfsparam" : "",
			"remarks_base64" : "576O5Zu9RFM0KOWAjeeOhzowLjUp",
			"group" : "CordCloud",
			"enable" : true,
			"udp_over_tcp" : false
		},
		{
			"remarks" : "美国DS5(倍率:0.5)",
			"id" : "2A14573ED913AA98E909EFE03E8A5623",
			"server" : "142.54.171.182",
			"server_port" : 29034,
			"server_udp_port" : 0,
			"password" : "zIeStj",
			"method" : "chacha20-ietf",
			"protocol" : "origin",
			"protocolparam" : "",
			"obfs" : "plain",
			"obfsparam" : "",
			"remarks_base64" : "576O5Zu9RFM1KOWAjeeOhzowLjUp",
			"group" : "CordCloud",
			"enable" : true,
			"udp_over_tcp" : false
		},
		{
			"remarks" : "美国GIA11(倍率:0.8)",
			"id" : "D4AE39E437E0F3E9EDA0EA45D503F11D",
			"server" : "154.95.1.3",
			"server_port" : 29034,
			"server_udp_port" : 0,
			"password" : "zIeStj",
			"method" : "chacha20-ietf",
			"protocol" : "origin",
			"protocolparam" : "",
			"obfs" : "plain",
			"obfsparam" : "",
			"remarks_base64" : "576O5Zu9R0lBMTEo5YCN546HOjAuOCk",
			"group" : "CordCloud",
			"enable" : true,
			"udp_over_tcp" : false
		},
		{
			"remarks" : "美国GIA12(倍率:0.8)",
			"id" : "26C1715B6649B36B93CFB1E041348F84",
			"server" : "154.95.1.4",
			"server_port" : 29034,
			"server_udp_port" : 0,
			"password" : "zIeStj",
			"method" : "chacha20-ietf",
			"protocol" : "origin",
			"protocolparam" : "",
			"obfs" : "plain",
			"obfsparam" : "",
			"remarks_base64" : "576O5Zu9R0lBMTIo5YCN546HOjAuOCk",
			"group" : "CordCloud",
			"enable" : true,
			"udp_over_tcp" : false
		},
		{
			"remarks" : "美国GIA13(倍率:0.8)",
			"id" : "B25E79CE305808E99F4875D596FBF45B",
			"server" : "154.95.1.5",
			"server_port" : 29034,
			"server_udp_port" : 0,
			"password" : "zIeStj",
			"method" : "chacha20-ietf",
			"protocol" : "origin",
			"protocolparam" : "",
			"obfs" : "plain",
			"obfsparam" : "",
			"remarks_base64" : "576O5Zu9R0lBMTMo5YCN546HOjAuOCk",
			"group" : "CordCloud",
			"enable" : true,
			"udp_over_tcp" : false
		},
		{
			"remarks" : "美国GIA14(倍率:0.8)",
			"id" : "FDCBEE74096683D8398109BCB03B7F3B",
			"server" : "154.95.1.6",
			"server_port" : 29034,
			"server_udp_port" : 0,
			"password" : "zIeStj",
			"method" : "chacha20-ietf",
			"protocol" : "origin",
			"protocolparam" : "",
			"obfs" : "plain",
			"obfsparam" : "",
			"remarks_base64" : "576O5Zu9R0lBMTQo5YCN546HOjAuOCk",
			"group" : "CordCloud",
			"enable" : true,
			"udp_over_tcp" : false
		},
		{
			"remarks" : "美国GIA15(倍率:0.8)",
			"id" : "89307767D38BCD23C7109408DB679F27",
			"server" : "154.95.1.7",
			"server_port" : 29034,
			"server_udp_port" : 0,
			"password" : "zIeStj",
			"method" : "chacha20-ietf",
			"protocol" : "origin",
			"protocolparam" : "",
			"obfs" : "plain",
			"obfsparam" : "",
			"remarks_base64" : "576O5Zu9R0lBMTUo5YCN546HOjAuOCk",
			"group" : "CordCloud",
			"enable" : true,
			"udp_over_tcp" : false
		},
		{
			"remarks" : "美国GIA16(倍率:0.8)",
			"id" : "C14C825C46D3D0EC51F608403CEA0733",
			"server" : "154.95.1.8",
			"server_port" : 29034,
			"server_udp_port" : 0,
			"password" : "zIeStj",
			"method" : "chacha20-ietf",
			"protocol" : "origin",
			"protocolparam" : "",
			"obfs" : "plain",
			"obfsparam" : "",
			"remarks_base64" : "576O5Zu9R0lBMTYo5YCN546HOjAuOCk",
			"group" : "CordCloud",
			"enable" : true,
			"udp_over_tcp" : false
		},
		{
			"remarks" : "美国GIA17(倍率:0.8)",
			"id" : "F1D82030E7A5204DD5854411B5F9A076",
			"server" : "154.95.1.9",
			"server_port" : 29034,
			"server_udp_port" : 0,
			"password" : "zIeStj",
			"method" : "chacha20-ietf",
			"protocol" : "origin",
			"protocolparam" : "",
			"obfs" : "plain",
			"obfsparam" : "",
			"remarks_base64" : "576O5Zu9R0lBMTco5YCN546HOjAuOCk",
			"group" : "CordCloud",
			"enable" : true,
			"udp_over_tcp" : false
		},
		{
			"remarks" : "美国GIA18(倍率:0.8)",
			"id" : "C4E8B5A9670D764DC447E988A9FDAFF5",
			"server" : "154.95.1.10",
			"server_port" : 29034,
			"server_udp_port" : 0,
			"password" : "zIeStj",
			"method" : "chacha20-ietf",
			"protocol" : "origin",
			"protocolparam" : "",
			"obfs" : "plain",
			"obfsparam" : "",
			"remarks_base64" : "576O5Zu9R0lBMTgo5YCN546HOjAuOCk",
			"group" : "CordCloud",
			"enable" : true,
			"udp_over_tcp" : false
		},
		{
			"remarks" : "美国GIA19(倍率:0.8)",
			"id" : "04621168CB305797D857CB1380A56232",
			"server" : "154.95.1.11",
			"server_port" : 29034,
			"server_udp_port" : 0,
			"password" : "zIeStj",
			"method" : "chacha20-ietf",
			"protocol" : "origin",
			"protocolparam" : "",
			"obfs" : "plain",
			"obfsparam" : "",
			"remarks_base64" : "576O5Zu9R0lBMTko5YCN546HOjAuOCk",
			"group" : "CordCloud",
			"enable" : true,
			"udp_over_tcp" : false
		},
		{
			"remarks" : "美国GIA20(倍率:0.8)",
			"id" : "AF62AD3810AAA535FEED34E204A16865",
			"server" : "154.95.1.2",
			"server_port" : 29034,
			"server_udp_port" : 0,
			"password" : "zIeStj",
			"method" : "chacha20-ietf",
			"protocol" : "origin",
			"protocolparam" : "",
			"obfs" : "plain",
			"obfsparam" : "",
			"remarks_base64" : "576O5Zu9R0lBMjAo5YCN546HOjAuOCk",
			"group" : "CordCloud",
			"enable" : true,
			"udp_over_tcp" : false
		},
		{
			"remarks" : "美国GIA21(倍率:0.8)",
			"id" : "D9809E2BDDE05EB94CADB79310AF4580",
			"server" : "154.95.1.18",
			"server_port" : 29034,
			"server_udp_port" : 0,
			"password" : "zIeStj",
			"method" : "chacha20-ietf",
			"protocol" : "origin",
			"protocolparam" : "",
			"obfs" : "plain",
			"obfsparam" : "",
			"remarks_base64" : "576O5Zu9R0lBMjEo5YCN546HOjAuOCk",
			"group" : "CordCloud",
			"enable" : true,
			"udp_over_tcp" : false
		},
		{
			"remarks" : "美国GIA22(倍率:0.8)",
			"id" : "FE3E229D9C7DC305600BBFF728EF1284",
			"server" : "154.95.1.19",
			"server_port" : 29034,
			"server_udp_port" : 0,
			"password" : "zIeStj",
			"method" : "chacha20-ietf",
			"protocol" : "origin",
			"protocolparam" : "",
			"obfs" : "plain",
			"obfsparam" : "",
			"remarks_base64" : "576O5Zu9R0lBMjIo5YCN546HOjAuOCk",
			"group" : "CordCloud",
			"enable" : true,
			"udp_over_tcp" : false
		},
		{
			"remarks" : "美国GIA23(倍率:0.8)",
			"id" : "9462DD0F8210E088B1E7D74AF987F5ED",
			"server" : "154.95.1.20",
			"server_port" : 29034,
			"server_udp_port" : 0,
			"password" : "zIeStj",
			"method" : "chacha20-ietf",
			"protocol" : "origin",
			"protocolparam" : "",
			"obfs" : "plain",
			"obfsparam" : "",
			"remarks_base64" : "576O5Zu9R0lBMjMo5YCN546HOjAuOCk",
			"group" : "CordCloud",
			"enable" : true,
			"udp_over_tcp" : false
		},
		{
			"remarks" : "美国GIA24(倍率:0.8)",
			"id" : "1393E3D15CE2E49EFC4274A15D3B8DBB",
			"server" : "154.95.1.21",
			"server_port" : 29034,
			"server_udp_port" : 0,
			"password" : "zIeStj",
			"method" : "chacha20-ietf",
			"protocol" : "origin",
			"protocolparam" : "",
			"obfs" : "plain",
			"obfsparam" : "",
			"remarks_base64" : "576O5Zu9R0lBMjQo5YCN546HOjAuOCk",
			"group" : "CordCloud",
			"enable" : true,
			"udp_over_tcp" : false
		},
		{
			"remarks" : "美国HE(落地推荐)(倍率:0.6)",
			"id" : "ECA759E22B591DA271F7C95B81B0D7BC",
			"server" : "65.49.71.88",
			"server_port" : 29034,
			"server_udp_port" : 0,
			"password" : "zIeStj",
			"method" : "chacha20-ietf",
			"protocol" : "origin",
			"protocolparam" : "",
			"obfs" : "plain",
			"obfsparam" : "",
			"remarks_base64" : "576O5Zu9SEUo6JC95Zyw5o6o6I2QKSjlgI3njoc6MC42KQ",
			"group" : "CordCloud",
			"enable" : true,
			"udp_over_tcp" : false
		},
		{
			"remarks" : "美国HE2(落地推荐)(倍率:0.6)",
			"id" : "C78EDD28728ED1D3B8178D2CAED60D3B",
			"server" : "65.49.71.109",
			"server_port" : 29034,
			"server_udp_port" : 0,
			"password" : "zIeStj",
			"method" : "chacha20-ietf",
			"protocol" : "origin",
			"protocolparam" : "",
			"obfs" : "plain",
			"obfsparam" : "",
			"remarks_base64" : "576O5Zu9SEUyKOiQveWcsOaOqOiNkCko5YCN546HOjAuNik",
			"group" : "CordCloud",
			"enable" : true,
			"udp_over_tcp" : false
		},
		{
			"remarks" : "美国KT(倍率:0.6)",
			"id" : "BE20B808AF93EDF5E48D0BF3EA763E25",
			"server" : "98.126.31.203",
			"server_port" : 29034,
			"server_udp_port" : 0,
			"password" : "zIeStj",
			"method" : "chacha20-ietf",
			"protocol" : "origin",
			"protocolparam" : "",
			"obfs" : "plain",
			"obfsparam" : "",
			"remarks_base64" : "576O5Zu9S1Qo5YCN546HOjAuNik",
			"group" : "CordCloud",
			"enable" : true,
			"udp_over_tcp" : false
		},
		{
			"remarks" : "美国KT2(倍率:0.6)",
			"id" : "9A36B806AF509241DEE387860F6F3E13",
			"server" : "67.198.189.54",
			"server_port" : 29034,
			"server_udp_port" : 0,
			"password" : "zIeStj",
			"method" : "chacha20-ietf",
			"protocol" : "origin",
			"protocolparam" : "",
			"obfs" : "plain",
			"obfsparam" : "",
			"remarks_base64" : "576O5Zu9S1QyKOWAjeeOhzowLjYp",
			"group" : "CordCloud",
			"enable" : true,
			"udp_over_tcp" : false
		},
		{
			"remarks" : "美国MC(倍率:0.6)",
			"id" : "D89A0AF47CCED656C3A99B2931DE0FBE",
			"server" : "us.mc.ccddns.online",
			"server_port" : 29034,
			"server_udp_port" : 0,
			"password" : "zIeStj",
			"method" : "chacha20-ietf",
			"protocol" : "origin",
			"protocolparam" : "",
			"obfs" : "plain",
			"obfsparam" : "",
			"remarks_base64" : "576O5Zu9TUMo5YCN546HOjAuNik",
			"group" : "CordCloud",
			"enable" : true,
			"udp_over_tcp" : false
		},
		{
			"remarks" : "美国MC2(倍率:0.6)",
			"id" : "FE9173553AA0F86ED0485BC3731CA52E",
			"server" : "us.mc2.ccddns.online",
			"server_port" : 29034,
			"server_udp_port" : 0,
			"password" : "zIeStj",
			"method" : "chacha20-ietf",
			"protocol" : "origin",
			"protocolparam" : "",
			"obfs" : "plain",
			"obfsparam" : "",
			"remarks_base64" : "576O5Zu9TUMyKOWAjeeOhzowLjYp",
			"group" : "CordCloud",
			"enable" : true,
			"udp_over_tcp" : false
		},
		{
			"remarks" : "美国MC3(倍率:0.6)",
			"id" : "82800DC0E61E408ACEFE998940E68114",
			"server" : "us.mc3.ccddns.online",
			"server_port" : 29034,
			"server_udp_port" : 0,
			"password" : "zIeStj",
			"method" : "chacha20-ietf",
			"protocol" : "origin",
			"protocolparam" : "",
			"obfs" : "plain",
			"obfsparam" : "",
			"remarks_base64" : "576O5Zu9TUMzKOWAjeeOhzowLjYp",
			"group" : "CordCloud",
			"enable" : true,
			"udp_over_tcp" : false
		},
		{
			"remarks" : "美国MC4(倍率:0.6)",
			"id" : "9E89592C27122BF42CE4BE34CC444177",
			"server" : "us.mc4.ccddns.online",
			"server_port" : 29034,
			"server_udp_port" : 0,
			"password" : "zIeStj",
			"method" : "chacha20-ietf",
			"protocol" : "origin",
			"protocolparam" : "",
			"obfs" : "plain",
			"obfsparam" : "",
			"remarks_base64" : "576O5Zu9TUM0KOWAjeeOhzowLjYp",
			"group" : "CordCloud",
			"enable" : true,
			"udp_over_tcp" : false
		},
		{
			"remarks" : "美国MC5(倍率:0.6)",
			"id" : "45988560AC17D3BA5F900A586CEC6AF6",
			"server" : "us.mc5.ccddns.online",
			"server_port" : 29034,
			"server_udp_port" : 0,
			"password" : "zIeStj",
			"method" : "chacha20-ietf",
			"protocol" : "origin",
			"protocolparam" : "",
			"obfs" : "plain",
			"obfsparam" : "",
			"remarks_base64" : "576O5Zu9TUM1KOWAjeeOhzowLjYp",
			"group" : "CordCloud",
			"enable" : true,
			"udp_over_tcp" : false
		},
		{
			"remarks" : "美国QN(倍率:0.6)",
			"id" : "058424BE063BE2EF681845F0B27065C8",
			"server" : "96.44.141.50",
			"server_port" : 29034,
			"server_udp_port" : 0,
			"password" : "zIeStj",
			"method" : "chacha20-ietf",
			"protocol" : "origin",
			"protocolparam" : "",
			"obfs" : "plain",
			"obfsparam" : "",
			"remarks_base64" : "576O5Zu9UU4o5YCN546HOjAuNik",
			"group" : "CordCloud",
			"enable" : true,
			"udp_over_tcp" : false
		},
		{
			"remarks" : "美国QN2(倍率:0.6)",
			"id" : "DA1C076F53400FFE2D0847A4738A163B",
			"server" : "96.44.141.51",
			"server_port" : 29034,
			"server_udp_port" : 0,
			"password" : "zIeStj",
			"method" : "chacha20-ietf",
			"protocol" : "origin",
			"protocolparam" : "",
			"obfs" : "plain",
			"obfsparam" : "",
			"remarks_base64" : "576O5Zu9UU4yKOWAjeeOhzowLjYp",
			"group" : "CordCloud",
			"enable" : true,
			"udp_over_tcp" : false
		},
		{
			"remarks" : "美国QN3(倍率:0.6)",
			"id" : "84811EBD9CDFE63B3A97ACC7D5ECDB7B",
			"server" : "96.44.141.52",
			"server_port" : 29034,
			"server_udp_port" : 0,
			"password" : "zIeStj",
			"method" : "chacha20-ietf",
			"protocol" : "origin",
			"protocolparam" : "",
			"obfs" : "plain",
			"obfsparam" : "",
			"remarks_base64" : "576O5Zu9UU4zKOWAjeeOhzowLjYp",
			"group" : "CordCloud",
			"enable" : true,
			"udp_over_tcp" : false
		},
		{
			"remarks" : "美国QN4(倍率:0.6)",
			"id" : "2A53BF5EBB7AE2776B11F6DEE663CB44",
			"server" : "96.44.141.53",
			"server_port" : 29034,
			"server_udp_port" : 0,
			"password" : "zIeStj",
			"method" : "chacha20-ietf",
			"protocol" : "origin",
			"protocolparam" : "",
			"obfs" : "plain",
			"obfsparam" : "",
			"remarks_base64" : "576O5Zu9UU40KOWAjeeOhzowLjYp",
			"group" : "CordCloud",
			"enable" : true,
			"udp_over_tcp" : false
		},
		{
			"remarks" : "美国QN5(倍率:0.6)",
			"id" : "4FF58023984C5CFC64C6A5DC7A483E38",
			"server" : "96.44.141.54",
			"server_port" : 29034,
			"server_udp_port" : 0,
			"password" : "zIeStj",
			"method" : "chacha20-ietf",
			"protocol" : "origin",
			"protocolparam" : "",
			"obfs" : "plain",
			"obfsparam" : "",
			"remarks_base64" : "576O5Zu9UU41KOWAjeeOhzowLjYp",
			"group" : "CordCloud",
			"enable" : true,
			"udp_over_tcp" : false
		},
		{
			"remarks" : "美国QP2(倍率:0.5)",
			"id" : "4023287867A55B4D8F4D5CE70FD5785D",
			"server" : "185.206.21.83",
			"server_port" : 29034,
			"server_udp_port" : 0,
			"password" : "zIeStj",
			"method" : "chacha20-ietf",
			"protocol" : "origin",
			"protocolparam" : "",
			"obfs" : "plain",
			"obfsparam" : "",
			"remarks_base64" : "576O5Zu9UVAyKOWAjeeOhzowLjUp",
			"group" : "CordCloud",
			"enable" : true,
			"udp_over_tcp" : false
		},
		{
			"remarks" : "美国QP4(倍率:0.5)",
			"id" : "990E3A6C0CCBCFC4701AFDAF1AB19DA1",
			"server" : "185.206.21.85",
			"server_port" : 29034,
			"server_udp_port" : 0,
			"password" : "zIeStj",
			"method" : "chacha20-ietf",
			"protocol" : "origin",
			"protocolparam" : "",
			"obfs" : "plain",
			"obfsparam" : "",
			"remarks_base64" : "576O5Zu9UVA0KOWAjeeOhzowLjUp",
			"group" : "CordCloud",
			"enable" : true,
			"udp_over_tcp" : false
		},
		{
			"remarks" : "美国QP5(倍率:0.5)",
			"id" : "187C8EA2E74E8E6189AC0FA8585B5E8E",
			"server" : "185.206.21.86",
			"server_port" : 29034,
			"server_udp_port" : 0,
			"password" : "zIeStj",
			"method" : "chacha20-ietf",
			"protocol" : "origin",
			"protocolparam" : "",
			"obfs" : "plain",
			"obfsparam" : "",
			"remarks_base64" : "576O5Zu9UVA1KOWAjeeOhzowLjUp",
			"group" : "CordCloud",
			"enable" : true,
			"udp_over_tcp" : false
		},
		{
			"remarks" : "美国XS(倍率:0.4)",
			"id" : "F73547A08508DD13002A79F35A2EC173",
			"server" : "23.160.193.171",
			"server_port" : 29034,
			"server_udp_port" : 0,
			"password" : "zIeStj",
			"method" : "chacha20-ietf",
			"protocol" : "origin",
			"protocolparam" : "",
			"obfs" : "plain",
			"obfsparam" : "",
			"remarks_base64" : "576O5Zu9WFMo5YCN546HOjAuNCk",
			"group" : "CordCloud",
			"enable" : true,
			"udp_over_tcp" : false
		},
		{
			"remarks" : "美国安畅13(倍率:0.8)",
			"id" : "C73C54C1216AEF45343E651169851A39",
			"server" : "us.anch13.ccddns.online",
			"server_port" : 29034,
			"server_udp_port" : 0,
			"password" : "zIeStj",
			"method" : "chacha20-ietf",
			"protocol" : "origin",
			"protocolparam" : "",
			"obfs" : "plain",
			"obfsparam" : "",
			"remarks_base64" : "576O5Zu95a6J55WFMTMo5YCN546HOjAuOCk",
			"group" : "CordCloud",
			"enable" : true,
			"udp_over_tcp" : false
		},
		{
			"remarks" : "美国安畅15(倍率:0.8)",
			"id" : "7A285424EEAC4A08AB5613F8B4505B23",
			"server" : "us.anch15.ccddns.online",
			"server_port" : 29034,
			"server_udp_port" : 0,
			"password" : "zIeStj",
			"method" : "chacha20-ietf",
			"protocol" : "origin",
			"protocolparam" : "",
			"obfs" : "plain",
			"obfsparam" : "",
			"remarks_base64" : "576O5Zu95a6J55WFMTUo5YCN546HOjAuOCk",
			"group" : "CordCloud",
			"enable" : true,
			"udp_over_tcp" : false
		},
		{
			"remarks" : "美国安畅17(倍率:0.8)",
			"id" : "52BBC62A75C4702636F99E2F6BD4C704",
			"server" : "us.anch17.ccddns.online",
			"server_port" : 29034,
			"server_udp_port" : 0,
			"password" : "zIeStj",
			"method" : "chacha20-ietf",
			"protocol" : "origin",
			"protocolparam" : "",
			"obfs" : "plain",
			"obfsparam" : "",
			"remarks_base64" : "576O5Zu95a6J55WFMTco5YCN546HOjAuOCk",
			"group" : "CordCloud",
			"enable" : true,
			"udp_over_tcp" : false
		},
		{
			"remarks" : "美国安畅19(倍率:0.8)",
			"id" : "FD63440D33800255C5A127AFFD976354",
			"server" : "us.anch19.ccddns.online",
			"server_port" : 29034,
			"server_udp_port" : 0,
			"password" : "zIeStj",
			"method" : "chacha20-ietf",
			"protocol" : "origin",
			"protocolparam" : "",
			"obfs" : "plain",
			"obfsparam" : "",
			"remarks_base64" : "576O5Zu95a6J55WFMTko5YCN546HOjAuOCk",
			"group" : "CordCloud",
			"enable" : true,
			"udp_over_tcp" : false
		},
		{
			"remarks" : "美国安畅3(倍率:0.8)",
			"id" : "477AFE6B526370B4A2DDE4FBC0A8AE61",
			"server" : "us.anch3.ccddns.online",
			"server_port" : 29034,
			"server_udp_port" : 0,
			"password" : "zIeStj",
			"method" : "chacha20-ietf",
			"protocol" : "origin",
			"protocolparam" : "",
			"obfs" : "plain",
			"obfsparam" : "",
			"remarks_base64" : "576O5Zu95a6J55WFMyjlgI3njoc6MC44KQ",
			"group" : "CordCloud",
			"enable" : true,
			"udp_over_tcp" : false
		},
		{
			"remarks" : "美国安畅5(倍率:0.8)",
			"id" : "93B386F6263131AE6BB2793B8D90D301",
			"server" : "us.anch5.ccddns.online",
			"server_port" : 29034,
			"server_udp_port" : 0,
			"password" : "zIeStj",
			"method" : "chacha20-ietf",
			"protocol" : "origin",
			"protocolparam" : "",
			"obfs" : "plain",
			"obfsparam" : "",
			"remarks_base64" : "576O5Zu95a6J55WFNSjlgI3njoc6MC44KQ",
			"group" : "CordCloud",
			"enable" : true,
			"udp_over_tcp" : false
		},
		{
			"remarks" : "美国安畅7(倍率:0.8)",
			"id" : "A6A646AE3654AEF582FDADA773ECFA0F",
			"server" : "us.anch7.ccddns.online",
			"server_port" : 29034,
			"server_udp_port" : 0,
			"password" : "zIeStj",
			"method" : "chacha20-ietf",
			"protocol" : "origin",
			"protocolparam" : "",
			"obfs" : "plain",
			"obfsparam" : "",
			"remarks_base64" : "576O5Zu95a6J55WFNyjlgI3njoc6MC44KQ",
			"group" : "CordCloud",
			"enable" : true,
			"udp_over_tcp" : false
		},
		{
			"remarks" : "镇江联通(倍率:1)",
			"id" : "DA9CB85F4A5E961ACB6331537981A6CC",
			"server" : "103.56.62.134",
			"server_port" : 29034,
			"server_udp_port" : 0,
			"password" : "zIeStj",
			"method" : "chacha20-ietf",
			"protocol" : "origin",
			"protocolparam" : "",
			"obfs" : "plain",
			"obfsparam" : "",
			"remarks_base64" : "6ZWH5rGf6IGU6YCaKOWAjeeOhzoxKQ",
			"group" : "CordCloud",
			"enable" : true,
			"udp_over_tcp" : false
		},
		{
			"remarks" : "韩国AWS(倍率:0.5)",
			"id" : "945C4ED349C266EC96712C639C9990F1",
			"server" : "kr.aws.ccddns.online",
			"server_port" : 29034,
			"server_udp_port" : 0,
			"password" : "zIeStj",
			"method" : "chacha20-ietf",
			"protocol" : "origin",
			"protocolparam" : "",
			"obfs" : "plain",
			"obfsparam" : "",
			"remarks_base64" : "6Z-p5Zu9QVdTKOWAjeeOhzowLjUp",
			"group" : "CordCloud",
			"enable" : true,
			"udp_over_tcp" : false
		},
		{
			"remarks" : "韩国KT3(倍率:0.9)",
			"id" : "16274B7495195C6577008A15C36375D2",
			"server" : "kr.kt3.ccddns.online",
			"server_port" : 29034,
			"server_udp_port" : 0,
			"password" : "zIeStj",
			"method" : "chacha20-ietf",
			"protocol" : "origin",
			"protocolparam" : "",
			"obfs" : "plain",
			"obfsparam" : "",
			"remarks_base64" : "6Z-p5Zu9S1QzKOWAjeeOhzowLjkp",
			"group" : "CordCloud",
			"enable" : true,
			"udp_over_tcp" : false
		},
		{
			"remarks" : "香港Azure(倍率:1)",
			"id" : "DA9EC9D51C826D76FB49706FEB73A4E0",
			"server" : "23.99.111.42",
			"server_port" : 29034,
			"server_udp_port" : 0,
			"password" : "zIeStj",
			"method" : "chacha20-ietf",
			"protocol" : "origin",
			"protocolparam" : "",
			"obfs" : "plain",
			"obfsparam" : "",
			"remarks_base64" : "6aaZ5rivQXp1cmUo5YCN546HOjEp",
			"group" : "CordCloud",
			"enable" : true,
			"udp_over_tcp" : false
		},
		{
			"remarks" : "香港Azure2(倍率:1)",
			"id" : "A2FE9EC4A6E69A769E411074000B470C",
			"server" : "23.99.117.231",
			"server_port" : 29034,
			"server_udp_port" : 0,
			"password" : "zIeStj",
			"method" : "chacha20-ietf",
			"protocol" : "origin",
			"protocolparam" : "",
			"obfs" : "plain",
			"obfsparam" : "",
			"remarks_base64" : "6aaZ5rivQXp1cmUyKOWAjeeOhzoxKQ",
			"group" : "CordCloud",
			"enable" : true,
			"udp_over_tcp" : false
		},
		{
			"remarks" : "香港Azure3(倍率:1)",
			"id" : "7D6F5053034FF65CA9D8D629A3F77ED7",
			"server" : "23.99.111.64",
			"server_port" : 29034,
			"server_udp_port" : 0,
			"password" : "zIeStj",
			"method" : "chacha20-ietf",
			"protocol" : "origin",
			"protocolparam" : "",
			"obfs" : "plain",
			"obfsparam" : "",
			"remarks_base64" : "6aaZ5rivQXp1cmUzKOWAjeeOhzoxKQ",
			"group" : "CordCloud",
			"enable" : true,
			"udp_over_tcp" : false
		},
		{
			"remarks" : "香港Azure4(倍率:1)",
			"id" : "FB1E0F88B885485207F7C4DC1CA66C8A",
			"server" : "207.46.138.39",
			"server_port" : 29034,
			"server_udp_port" : 0,
			"password" : "zIeStj",
			"method" : "chacha20-ietf",
			"protocol" : "origin",
			"protocolparam" : "",
			"obfs" : "plain",
			"obfsparam" : "",
			"remarks_base64" : "6aaZ5rivQXp1cmU0KOWAjeeOhzoxKQ",
			"group" : "CordCloud",
			"enable" : true,
			"udp_over_tcp" : false
		},
		{
			"remarks" : "香港Azure5(倍率:1)",
			"id" : "67CC41663D502841B96E795CBBB0C642",
			"server" : "23.99.116.113",
			"server_port" : 29034,
			"server_udp_port" : 0,
			"password" : "zIeStj",
			"method" : "chacha20-ietf",
			"protocol" : "origin",
			"protocolparam" : "",
			"obfs" : "plain",
			"obfsparam" : "",
			"remarks_base64" : "6aaZ5rivQXp1cmU1KOWAjeeOhzoxKQ",
			"group" : "CordCloud",
			"enable" : true,
			"udp_over_tcp" : false
		},
		{
			"remarks" : "香港HKBN(倍率:0.7)",
			"id" : "731D6B27382DC393ABBAF7A6A85CD340",
			"server" : "cchkbn.ccddns.online",
			"server_port" : 29034,
			"server_udp_port" : 0,
			"password" : "zIeStj",
			"method" : "chacha20-ietf",
			"protocol" : "origin",
			"protocolparam" : "",
			"obfs" : "plain",
			"obfsparam" : "",
			"remarks_base64" : "6aaZ5rivSEtCTijlgI3njoc6MC43KQ",
			"group" : "CordCloud",
			"enable" : true,
			"udp_over_tcp" : false
		},
		{
			"remarks" : "香港HKBN3(倍率:0.7)",
			"id" : "5906FBE2B8CCFDFFA836DA7078EF1949",
			"server" : "cchkbn3.ccddns.online",
			"server_port" : 29034,
			"server_udp_port" : 0,
			"password" : "zIeStj",
			"method" : "chacha20-ietf",
			"protocol" : "origin",
			"protocolparam" : "",
			"obfs" : "plain",
			"obfsparam" : "",
			"remarks_base64" : "6aaZ5rivSEtCTjMo5YCN546HOjAuNyk",
			"group" : "CordCloud",
			"enable" : true,
			"udp_over_tcp" : false
		},
		{
			"remarks" : "香港HKT11(倍率:0.7)",
			"id" : "29BCF01FD5F7E36E7679E9CD6E334CD3",
			"server" : "cchkt11.ccddns.online",
			"server_port" : 29034,
			"server_udp_port" : 0,
			"password" : "zIeStj",
			"method" : "chacha20-ietf",
			"protocol" : "origin",
			"protocolparam" : "",
			"obfs" : "plain",
			"obfsparam" : "",
			"remarks_base64" : "6aaZ5rivSEtUMTEo5YCN546HOjAuNyk",
			"group" : "CordCloud",
			"enable" : true,
			"udp_over_tcp" : false
		},
		{
			"remarks" : "香港HKT2(倍率:0.7)",
			"id" : "349FCDA269AD0DB90435727B5A830259",
			"server" : "cchkt2.ccddns.online",
			"server_port" : 29034,
			"server_udp_port" : 0,
			"password" : "zIeStj",
			"method" : "chacha20-ietf",
			"protocol" : "origin",
			"protocolparam" : "",
			"obfs" : "plain",
			"obfsparam" : "",
			"remarks_base64" : "6aaZ5rivSEtUMijlgI3njoc6MC43KQ",
			"group" : "CordCloud",
			"enable" : true,
			"udp_over_tcp" : false
		},
		{
			"remarks" : "香港HKT4(倍率:0.7)",
			"id" : "439B8BD6CA2E1CAE1FD6B62CD7364D6A",
			"server" : "cchkt4.ccddns.online",
			"server_port" : 29034,
			"server_udp_port" : 0,
			"password" : "zIeStj",
			"method" : "chacha20-ietf",
			"protocol" : "origin",
			"protocolparam" : "",
			"obfs" : "plain",
			"obfsparam" : "",
			"remarks_base64" : "6aaZ5rivSEtUNCjlgI3njoc6MC43KQ",
			"group" : "CordCloud",
			"enable" : true,
			"udp_over_tcp" : false
		},
		{
			"remarks" : "香港HKT7(倍率:0.7)",
			"id" : "1485F640EED1EAE6A9BCC6F710906744",
			"server" : "cchkt7.ccddns.online",
			"server_port" : 29034,
			"server_udp_port" : 0,
			"password" : "zIeStj",
			"method" : "chacha20-ietf",
			"protocol" : "origin",
			"protocolparam" : "",
			"obfs" : "plain",
			"obfsparam" : "",
			"remarks_base64" : "6aaZ5rivSEtUNyjlgI3njoc6MC43KQ",
			"group" : "CordCloud",
			"enable" : true,
			"udp_over_tcp" : false
		},
		{
			"remarks" : "香港HKTB打机神线(倍率:0.7)",
			"id" : "C6C1C604DE1BDE6CA7AC1FCC53225DE9",
			"server" : "cchktb.f2ggj7.ccddns.online",
			"server_port" : 29034,
			"server_udp_port" : 0,
			"password" : "zIeStj",
			"method" : "chacha20-ietf",
			"protocol" : "origin",
			"protocolparam" : "",
			"obfs" : "plain",
			"obfsparam" : "",
			"remarks_base64" : "6aaZ5rivSEtUQuaJk-acuuelnue6vyjlgI3njoc6MC43KQ",
			"group" : "CordCloud",
			"enable" : true,
			"udp_over_tcp" : false
		},
		{
			"remarks" : "香港HKTC打机神线(倍率:0.7)",
			"id" : "0478304B831CF648B51BAA7AFFC9912F",
			"server" : "cchktc.ccddns.online",
			"server_port" : 29034,
			"server_udp_port" : 0,
			"password" : "zIeStj",
			"method" : "chacha20-ietf",
			"protocol" : "origin",
			"protocolparam" : "",
			"obfs" : "plain",
			"obfsparam" : "",
			"remarks_base64" : "6aaZ5rivSEtUQ-aJk-acuuelnue6vyjlgI3njoc6MC43KQ",
			"group" : "CordCloud",
			"enable" : true,
			"udp_over_tcp" : false
		},
		{
			"remarks" : "香港HKTF打机神线(倍率:0.7)",
			"id" : "EF1A2D5D4645FC314D792332E712D364",
			"server" : "cchktf.ccddns.online",
			"server_port" : 29034,
			"server_udp_port" : 0,
			"password" : "zIeStj",
			"method" : "chacha20-ietf",
			"protocol" : "origin",
			"protocolparam" : "",
			"obfs" : "plain",
			"obfsparam" : "",
			"remarks_base64" : "6aaZ5rivSEtURuaJk-acuuelnue6vyjlgI3njoc6MC43KQ",
			"group" : "CordCloud",
			"enable" : true,
			"udp_over_tcp" : false
		},
		{
			"remarks" : "上海CN2(倍率:1.3)",
			"id" : "2E27450EA29CC572333ED117A1397B2D",
			"server" : "cn.shcn2.ccddns.online",
			"server_port" : 29034,
			"server_udp_port" : 0,
			"password" : "zIeStj",
			"method" : "chacha20-ietf",
			"protocol" : "origin",
			"protocolparam" : "",
			"obfs" : "plain",
			"obfsparam" : "",
			"remarks_base64" : "5LiK5rW3Q04yKOWAjeeOhzoxLjMp",
			"group" : "CordCloud",
			"enable" : true,
			"udp_over_tcp" : false
		},
		{
			"remarks" : "台湾Hinet10(倍率:0.9)",
			"id" : "20FCC8510EDDAA922A323FF7A92A1CEB",
			"server" : "tw.hinet10.ccddns.online",
			"server_port" : 29034,
			"server_udp_port" : 0,
			"password" : "zIeStj",
			"method" : "chacha20-ietf",
			"protocol" : "origin",
			"protocolparam" : "",
			"obfs" : "plain",
			"obfsparam" : "",
			"remarks_base64" : "5Y-w5rm-SGluZXQxMCjlgI3njoc6MC45KQ",
			"group" : "CordCloud",
			"enable" : true,
			"udp_over_tcp" : false
		},
		{
			"remarks" : "台湾Hinet13(商宽)(倍率:0.9)",
			"id" : "F2DEE2B664637459798D9D68D002FBA1",
			"server" : "tw.hinet13.ccddns.online",
			"server_port" : 29034,
			"server_udp_port" : 0,
			"password" : "zIeStj",
			"method" : "chacha20-ietf",
			"protocol" : "origin",
			"protocolparam" : "",
			"obfs" : "plain",
			"obfsparam" : "",
			"remarks_base64" : "5Y-w5rm-SGluZXQxMyjllYblrr0pKOWAjeeOhzowLjkp",
			"group" : "CordCloud",
			"enable" : true,
			"udp_over_tcp" : false
		},
		{
			"remarks" : "台湾Hinet14(商宽)(倍率:0.9)",
			"id" : "8DE7677E138638EDA048D5D68F0DBC63",
			"server" : "tw.hinet14.ccddns.online",
			"server_port" : 29034,
			"server_udp_port" : 0,
			"password" : "zIeStj",
			"method" : "chacha20-ietf",
			"protocol" : "origin",
			"protocolparam" : "",
			"obfs" : "plain",
			"obfsparam" : "",
			"remarks_base64" : "5Y-w5rm-SGluZXQxNCjllYblrr0pKOWAjeeOhzowLjkp",
			"group" : "CordCloud",
			"enable" : true,
			"udp_over_tcp" : false
		},
		{
			"remarks" : "台湾Hinet16(倍率:0.9)",
			"id" : "3C4CC66711697B707FAA6A1E5880D94E",
			"server" : "tw.hinet16.ccddns.online",
			"server_port" : 29034,
			"server_udp_port" : 0,
			"password" : "zIeStj",
			"method" : "chacha20-ietf",
			"protocol" : "origin",
			"protocolparam" : "",
			"obfs" : "plain",
			"obfsparam" : "",
			"remarks_base64" : "5Y-w5rm-SGluZXQxNijlgI3njoc6MC45KQ",
			"group" : "CordCloud",
			"enable" : true,
			"udp_over_tcp" : false
		},
		{
			"remarks" : "台湾Hinet17(倍率:0.9)",
			"id" : "2687DE67A436CFE1B92CBFA9BFE6AA13",
			"server" : "tw.hinet17.ccddns.online",
			"server_port" : 29034,
			"server_udp_port" : 0,
			"password" : "zIeStj",
			"method" : "chacha20-ietf",
			"protocol" : "origin",
			"protocolparam" : "",
			"obfs" : "plain",
			"obfsparam" : "",
			"remarks_base64" : "5Y-w5rm-SGluZXQxNyjlgI3njoc6MC45KQ",
			"group" : "CordCloud",
			"enable" : true,
			"udp_over_tcp" : false
		},
		{
			"remarks" : "日本Azure(倍率:1)",
			"id" : "67736AFB1840BF143A6D482B078C80EF",
			"server" : "23.102.78.115",
			"server_port" : 29034,
			"server_udp_port" : 0,
			"password" : "zIeStj",
			"method" : "chacha20-ietf",
			"protocol" : "origin",
			"protocolparam" : "",
			"obfs" : "plain",
			"obfsparam" : "",
			"remarks_base64" : "5pel5pysQXp1cmUo5YCN546HOjEp",
			"group" : "CordCloud",
			"enable" : true,
			"udp_over_tcp" : false
		},
		{
			"remarks" : "日本Azure2(倍率:1)",
			"id" : "43E993F670DFBBE1C0A87CFA095F6ED0",
			"server" : "104.41.177.244",
			"server_port" : 29034,
			"server_udp_port" : 0,
			"password" : "zIeStj",
			"method" : "chacha20-ietf",
			"protocol" : "origin",
			"protocolparam" : "",
			"obfs" : "plain",
			"obfsparam" : "",
			"remarks_base64" : "5pel5pysQXp1cmUyKOWAjeeOhzoxKQ",
			"group" : "CordCloud",
			"enable" : true,
			"udp_over_tcp" : false
		},
		{
			"remarks" : "日本GMO(倍率:0.7)",
			"id" : "69E1C9FBB13CC91BA8B75BB5CEF08AAA",
			"server" : "jp.gmo.m3lg534ff.ccddns.online",
			"server_port" : 29034,
			"server_udp_port" : 0,
			"password" : "zIeStj",
			"method" : "chacha20-ietf",
			"protocol" : "origin",
			"protocolparam" : "",
			"obfs" : "plain",
			"obfsparam" : "",
			"remarks_base64" : "5pel5pysR01PKOWAjeeOhzowLjcp",
			"group" : "CordCloud",
			"enable" : true,
			"udp_over_tcp" : false
		},
		{
			"remarks" : "日本IDCF11(倍率:0.8)",
			"id" : "A6D2A04CF603D0A965C9EE9EDAE141F0",
			"server" : "210.140.42.223",
			"server_port" : 29034,
			"server_udp_port" : 0,
			"password" : "zIeStj",
			"method" : "chacha20-ietf",
			"protocol" : "origin",
			"protocolparam" : "",
			"obfs" : "plain",
			"obfsparam" : "",
			"remarks_base64" : "5pel5pysSURDRjExKOWAjeeOhzowLjgp",
			"group" : "CordCloud",
			"enable" : true,
			"udp_over_tcp" : false
		},
		{
			"remarks" : "日本IDCF5(倍率:0.8)",
			"id" : "1A7669F79CC7DA92770D9062474605EE",
			"server" : "210.140.42.34",
			"server_port" : 29034,
			"server_udp_port" : 0,
			"password" : "zIeStj",
			"method" : "chacha20-ietf",
			"protocol" : "origin",
			"protocolparam" : "",
			"obfs" : "plain",
			"obfsparam" : "",
			"remarks_base64" : "5pel5pysSURDRjUo5YCN546HOjAuOCk",
			"group" : "CordCloud",
			"enable" : true,
			"udp_over_tcp" : false
		},
		{
			"remarks" : "深港转HKTE打机神线(倍率:2.5)",
			"id" : "63AA30BBF71F2EE60A5C382C7312F8CF",
			"server" : "hk.iepl-hkte.ccddns.online",
			"server_port" : 29034,
			"server_udp_port" : 0,
			"password" : "zIeStj",
			"method" : "chacha20-ietf",
			"protocol" : "origin",
			"protocolparam" : "",
			"obfs" : "plain",
			"obfsparam" : "",
			"remarks_base64" : "5rex5riv6L2sSEtUReaJk-acuuelnue6vyjlgI3njoc6Mi41KQ",
			"group" : "CordCloud",
			"enable" : true,
			"udp_over_tcp" : false
		},
		{
			"remarks" : "美国CC(倍率:0.5)",
			"id" : "31B8B68B96D76D9EDBD721DD38275F1E",
			"server" : "107.174.244.107",
			"server_port" : 29034,
			"server_udp_port" : 0,
			"password" : "zIeStj",
			"method" : "chacha20-ietf",
			"protocol" : "origin",
			"protocolparam" : "",
			"obfs" : "plain",
			"obfsparam" : "",
			"remarks_base64" : "576O5Zu9Q0Mo5YCN546HOjAuNSk",
			"group" : "CordCloud",
			"enable" : true,
			"udp_over_tcp" : false
		},
		{
			"remarks" : "美国EN(倍率:0.7)",
			"id" : "8547447E435C34024F25C8CB801582A3",
			"server" : "23.89.101.170",
			"server_port" : 29034,
			"server_udp_port" : 0,
			"password" : "zIeStj",
			"method" : "chacha20-ietf",
			"protocol" : "origin",
			"protocolparam" : "",
			"obfs" : "plain",
			"obfsparam" : "",
			"remarks_base64" : "576O5Zu9RU4o5YCN546HOjAuNyk",
			"group" : "CordCloud",
			"enable" : true,
			"udp_over_tcp" : false
		},
		{
			"remarks" : "美国EN2(倍率:0.7)",
			"id" : "ECA2C7632AF343B09108618140DDDD10",
			"server" : "23.89.101.171",
			"server_port" : 29034,
			"server_udp_port" : 0,
			"password" : "zIeStj",
			"method" : "chacha20-ietf",
			"protocol" : "origin",
			"protocolparam" : "",
			"obfs" : "plain",
			"obfsparam" : "",
			"remarks_base64" : "576O5Zu9RU4yKOWAjeeOhzowLjcp",
			"group" : "CordCloud",
			"enable" : true,
			"udp_over_tcp" : false
		},
		{
			"remarks" : "美国EN3(倍率:0.7)",
			"id" : "98A4A0B180989D582C23476B3B313A38",
			"server" : "23.89.101.172",
			"server_port" : 29034,
			"server_udp_port" : 0,
			"password" : "zIeStj",
			"method" : "chacha20-ietf",
			"protocol" : "origin",
			"protocolparam" : "",
			"obfs" : "plain",
			"obfsparam" : "",
			"remarks_base64" : "576O5Zu9RU4zKOWAjeeOhzowLjcp",
			"group" : "CordCloud",
			"enable" : true,
			"udp_over_tcp" : false
		},
		{
			"remarks" : "美国EN4(倍率:0.7)",
			"id" : "19324955638891A770084FD4A0671C9C",
			"server" : "23.89.101.173",
			"server_port" : 29034,
			"server_udp_port" : 0,
			"password" : "zIeStj",
			"method" : "chacha20-ietf",
			"protocol" : "origin",
			"protocolparam" : "",
			"obfs" : "plain",
			"obfsparam" : "",
			"remarks_base64" : "576O5Zu9RU40KOWAjeeOhzowLjcp",
			"group" : "CordCloud",
			"enable" : true,
			"udp_over_tcp" : false
		},
		{
			"remarks" : "美国EN5(倍率:0.7)",
			"id" : "3CB9489B09858DF2E7F0C234D4E8A14D",
			"server" : "23.89.101.174",
			"server_port" : 29034,
			"server_udp_port" : 0,
			"password" : "zIeStj",
			"method" : "chacha20-ietf",
			"protocol" : "origin",
			"protocolparam" : "",
			"obfs" : "plain",
			"obfsparam" : "",
			"remarks_base64" : "576O5Zu9RU41KOWAjeeOhzowLjcp",
			"group" : "CordCloud",
			"enable" : true,
			"udp_over_tcp" : false
		},
		{
			"remarks" : "美国EN6(倍率:0.7)",
			"id" : "1C20B9497E150E90EBC866B14A0A047B",
			"server" : "23.245.183.59",
			"server_port" : 29034,
			"server_udp_port" : 0,
			"password" : "zIeStj",
			"method" : "chacha20-ietf",
			"protocol" : "origin",
			"protocolparam" : "",
			"obfs" : "plain",
			"obfsparam" : "",
			"remarks_base64" : "576O5Zu9RU42KOWAjeeOhzowLjcp",
			"group" : "CordCloud",
			"enable" : true,
			"udp_over_tcp" : false
		},
		{
			"remarks" : "美国GF(倍率:0.6)",
			"id" : "5B6D2991C6DE4FCDAA08066A9149EC07",
			"server" : "23.247.22.146",
			"server_port" : 29034,
			"server_udp_port" : 0,
			"password" : "zIeStj",
			"method" : "chacha20-ietf",
			"protocol" : "origin",
			"protocolparam" : "",
			"obfs" : "plain",
			"obfsparam" : "",
			"remarks_base64" : "576O5Zu9R0Yo5YCN546HOjAuNik",
			"group" : "CordCloud",
			"enable" : true,
			"udp_over_tcp" : false
		},
		{
			"remarks" : "美国GF2(倍率:0.6)",
			"id" : "FF64DEA16269F5EEC845525A231C7FDF",
			"server" : "23.247.22.147",
			"server_port" : 29034,
			"server_udp_port" : 0,
			"password" : "zIeStj",
			"method" : "chacha20-ietf",
			"protocol" : "origin",
			"protocolparam" : "",
			"obfs" : "plain",
			"obfsparam" : "",
			"remarks_base64" : "576O5Zu9R0YyKOWAjeeOhzowLjYp",
			"group" : "CordCloud",
			"enable" : true,
			"udp_over_tcp" : false
		},
		{
			"remarks" : "美国GF3(倍率:0.6)",
			"id" : "534ED27921662745058C4E59AFD89F9A",
			"server" : "23.247.22.148",
			"server_port" : 29034,
			"server_udp_port" : 0,
			"password" : "zIeStj",
			"method" : "chacha20-ietf",
			"protocol" : "origin",
			"protocolparam" : "",
			"obfs" : "plain",
			"obfsparam" : "",
			"remarks_base64" : "576O5Zu9R0YzKOWAjeeOhzowLjYp",
			"group" : "CordCloud",
			"enable" : true,
			"udp_over_tcp" : false
		},
		{
			"remarks" : "美国GF4(倍率:0.6)",
			"id" : "F08158106DAEAA82E22560EDE76367B5",
			"server" : "23.247.22.149",
			"server_port" : 29034,
			"server_udp_port" : 0,
			"password" : "zIeStj",
			"method" : "chacha20-ietf",
			"protocol" : "origin",
			"protocolparam" : "",
			"obfs" : "plain",
			"obfsparam" : "",
			"remarks_base64" : "576O5Zu9R0Y0KOWAjeeOhzowLjYp",
			"group" : "CordCloud",
			"enable" : true,
			"udp_over_tcp" : false
		},
		{
			"remarks" : "美国GF5(倍率:0.6)",
			"id" : "668DD3E6FAEEB83F2B0D4C7C9693F726",
			"server" : "23.247.22.150",
			"server_port" : 29034,
			"server_udp_port" : 0,
			"password" : "zIeStj",
			"method" : "chacha20-ietf",
			"protocol" : "origin",
			"protocolparam" : "",
			"obfs" : "plain",
			"obfsparam" : "",
			"remarks_base64" : "576O5Zu9R0Y1KOWAjeeOhzowLjYp",
			"group" : "CordCloud",
			"enable" : true,
			"udp_over_tcp" : false
		},
		{
			"remarks" : "美国GIAD1(倍率:0.8)",
			"id" : "BAC2E26F6B1D746B0A64AB5F0BAE0A62",
			"server" : "43.224.225.50",
			"server_port" : 29034,
			"server_udp_port" : 0,
			"password" : "zIeStj",
			"method" : "chacha20-ietf",
			"protocol" : "origin",
			"protocolparam" : "",
			"obfs" : "plain",
			"obfsparam" : "",
			"remarks_base64" : "576O5Zu9R0lBRDEo5YCN546HOjAuOCk",
			"group" : "CordCloud",
			"enable" : true,
			"udp_over_tcp" : false
		},
		{
			"remarks" : "美国GIAD10(倍率:0.8)",
			"id" : "83D99ABFFC3B5BC401B3FE54451BE784",
			"server" : "43.224.225.59",
			"server_port" : 29034,
			"server_udp_port" : 0,
			"password" : "zIeStj",
			"method" : "chacha20-ietf",
			"protocol" : "origin",
			"protocolparam" : "",
			"obfs" : "plain",
			"obfsparam" : "",
			"remarks_base64" : "576O5Zu9R0lBRDEwKOWAjeeOhzowLjgp",
			"group" : "CordCloud",
			"enable" : true,
			"udp_over_tcp" : false
		},
		{
			"remarks" : "美国GIAD11(倍率:0.8)",
			"id" : "43E3C92700557AA7DB5928E40F800B11",
			"server" : "43.224.225.60",
			"server_port" : 29034,
			"server_udp_port" : 0,
			"password" : "zIeStj",
			"method" : "chacha20-ietf",
			"protocol" : "origin",
			"protocolparam" : "",
			"obfs" : "plain",
			"obfsparam" : "",
			"remarks_base64" : "576O5Zu9R0lBRDExKOWAjeeOhzowLjgp",
			"group" : "CordCloud",
			"enable" : true,
			"udp_over_tcp" : false
		},
		{
			"remarks" : "美国GIAD12(倍率:0.8)",
			"id" : "E7A6751A8858991EADAB50ACACA6223A",
			"server" : "43.224.225.61",
			"server_port" : 29034,
			"server_udp_port" : 0,
			"password" : "zIeStj",
			"method" : "chacha20-ietf",
			"protocol" : "origin",
			"protocolparam" : "",
			"obfs" : "plain",
			"obfsparam" : "",
			"remarks_base64" : "576O5Zu9R0lBRDEyKOWAjeeOhzowLjgp",
			"group" : "CordCloud",
			"enable" : true,
			"udp_over_tcp" : false
		},
		{
			"remarks" : "美国GIAD2(倍率:0.8)",
			"id" : "BE5F581F26D07E5C0625BE393EAFFD20",
			"server" : "43.224.225.51",
			"server_port" : 29034,
			"server_udp_port" : 0,
			"password" : "zIeStj",
			"method" : "chacha20-ietf",
			"protocol" : "origin",
			"protocolparam" : "",
			"obfs" : "plain",
			"obfsparam" : "",
			"remarks_base64" : "576O5Zu9R0lBRDIo5YCN546HOjAuOCk",
			"group" : "CordCloud",
			"enable" : true,
			"udp_over_tcp" : false
		},
		{
			"remarks" : "美国GIAD3(倍率:0.8)",
			"id" : "7A2A9D3BC93142F51546797F1A4E91E7",
			"server" : "43.224.225.52",
			"server_port" : 29034,
			"server_udp_port" : 0,
			"password" : "zIeStj",
			"method" : "chacha20-ietf",
			"protocol" : "origin",
			"protocolparam" : "",
			"obfs" : "plain",
			"obfsparam" : "",
			"remarks_base64" : "576O5Zu9R0lBRDMo5YCN546HOjAuOCk",
			"group" : "CordCloud",
			"enable" : true,
			"udp_over_tcp" : false
		},
		{
			"remarks" : "美国GIAD4(倍率:0.8)",
			"id" : "4CFF3F9EA439A6A04F0859699F7EE80D",
			"server" : "43.224.225.53",
			"server_port" : 29034,
			"server_udp_port" : 0,
			"password" : "zIeStj",
			"method" : "chacha20-ietf",
			"protocol" : "origin",
			"protocolparam" : "",
			"obfs" : "plain",
			"obfsparam" : "",
			"remarks_base64" : "576O5Zu9R0lBRDQo5YCN546HOjAuOCk",
			"group" : "CordCloud",
			"enable" : true,
			"udp_over_tcp" : false
		},
		{
			"remarks" : "美国GIAD5(倍率:0.8)",
			"id" : "651E8111AB3093F9765D1ECAB4587451",
			"server" : "43.224.225.54",
			"server_port" : 29034,
			"server_udp_port" : 0,
			"password" : "zIeStj",
			"method" : "chacha20-ietf",
			"protocol" : "origin",
			"protocolparam" : "",
			"obfs" : "plain",
			"obfsparam" : "",
			"remarks_base64" : "576O5Zu9R0lBRDUo5YCN546HOjAuOCk",
			"group" : "CordCloud",
			"enable" : true,
			"udp_over_tcp" : false
		},
		{
			"remarks" : "美国GIAD6(倍率:0.8)",
			"id" : "5F4578743E54177125FB543CF0BFE24E",
			"server" : "43.224.225.55",
			"server_port" : 29034,
			"server_udp_port" : 0,
			"password" : "zIeStj",
			"method" : "chacha20-ietf",
			"protocol" : "origin",
			"protocolparam" : "",
			"obfs" : "plain",
			"obfsparam" : "",
			"remarks_base64" : "576O5Zu9R0lBRDYo5YCN546HOjAuOCk",
			"group" : "CordCloud",
			"enable" : true,
			"udp_over_tcp" : false
		},
		{
			"remarks" : "美国GIAD7(倍率:0.8)",
			"id" : "0FF8704526F22BB5C70E6BC0998681D9",
			"server" : "43.224.225.56",
			"server_port" : 29034,
			"server_udp_port" : 0,
			"password" : "zIeStj",
			"method" : "chacha20-ietf",
			"protocol" : "origin",
			"protocolparam" : "",
			"obfs" : "plain",
			"obfsparam" : "",
			"remarks_base64" : "576O5Zu9R0lBRDco5YCN546HOjAuOCk",
			"group" : "CordCloud",
			"enable" : true,
			"udp_over_tcp" : false
		},
		{
			"remarks" : "美国GIAD8(倍率:0.8)",
			"id" : "5ABB850DAE61E4A04F920AF13C0C0A8A",
			"server" : "43.224.225.57",
			"server_port" : 29034,
			"server_udp_port" : 0,
			"password" : "zIeStj",
			"method" : "chacha20-ietf",
			"protocol" : "origin",
			"protocolparam" : "",
			"obfs" : "plain",
			"obfsparam" : "",
			"remarks_base64" : "576O5Zu9R0lBRDgo5YCN546HOjAuOCk",
			"group" : "CordCloud",
			"enable" : true,
			"udp_over_tcp" : false
		},
		{
			"remarks" : "美国GIAD9(倍率:0.8)",
			"id" : "CAABB913842E3A4B913AC0822D07561A",
			"server" : "43.224.225.58",
			"server_port" : 29034,
			"server_udp_port" : 0,
			"password" : "zIeStj",
			"method" : "chacha20-ietf",
			"protocol" : "origin",
			"protocolparam" : "",
			"obfs" : "plain",
			"obfsparam" : "",
			"remarks_base64" : "576O5Zu9R0lBRDko5YCN546HOjAuOCk",
			"group" : "CordCloud",
			"enable" : true,
			"udp_over_tcp" : false
		},
		{
			"remarks" : "美国QNC1(倍率:0.6)",
			"id" : "0426EACA464EA0DE25C42F2E3D0B4C59",
			"server" : "45.151.175.119",
			"server_port" : 29034,
			"server_udp_port" : 0,
			"password" : "zIeStj",
			"method" : "chacha20-ietf",
			"protocol" : "origin",
			"protocolparam" : "",
			"obfs" : "plain",
			"obfsparam" : "",
			"remarks_base64" : "576O5Zu9UU5DMSjlgI3njoc6MC42KQ",
			"group" : "CordCloud",
			"enable" : true,
			"udp_over_tcp" : false
		},
		{
			"remarks" : "美国QNC2(倍率:0.6)",
			"id" : "C84F20CA600FEEA53E4447F2573663BD",
			"server" : "45.151.175.129",
			"server_port" : 29034,
			"server_udp_port" : 0,
			"password" : "zIeStj",
			"method" : "chacha20-ietf",
			"protocol" : "origin",
			"protocolparam" : "",
			"obfs" : "plain",
			"obfsparam" : "",
			"remarks_base64" : "576O5Zu9UU5DMijlgI3njoc6MC42KQ",
			"group" : "CordCloud",
			"enable" : true,
			"udp_over_tcp" : false
		},
		{
			"remarks" : "美国QNC3(倍率:0.6)",
			"id" : "49D3355A498FCB00591E91BEE9711FED",
			"server" : "45.151.175.134",
			"server_port" : 29034,
			"server_udp_port" : 0,
			"password" : "zIeStj",
			"method" : "chacha20-ietf",
			"protocol" : "origin",
			"protocolparam" : "",
			"obfs" : "plain",
			"obfsparam" : "",
			"remarks_base64" : "576O5Zu9UU5DMyjlgI3njoc6MC42KQ",
			"group" : "CordCloud",
			"enable" : true,
			"udp_over_tcp" : false
		},
		{
			"remarks" : "美国QNC4(倍率:0.6)",
			"id" : "D8580F2D9675B6395A589EC86F01ABF7",
			"server" : "45.151.175.135",
			"server_port" : 29034,
			"server_udp_port" : 0,
			"password" : "zIeStj",
			"method" : "chacha20-ietf",
			"protocol" : "origin",
			"protocolparam" : "",
			"obfs" : "plain",
			"obfsparam" : "",
			"remarks_base64" : "576O5Zu9UU5DNCjlgI3njoc6MC42KQ",
			"group" : "CordCloud",
			"enable" : true,
			"udp_over_tcp" : false
		},
		{
			"remarks" : "美国QNC5(倍率:0.6)",
			"id" : "5DA452DAEB3D7365470EBB142C67C730",
			"server" : "45.151.175.137",
			"server_port" : 29034,
			"server_udp_port" : 0,
			"password" : "zIeStj",
			"method" : "chacha20-ietf",
			"protocol" : "origin",
			"protocolparam" : "",
			"obfs" : "plain",
			"obfsparam" : "",
			"remarks_base64" : "576O5Zu9UU5DNSjlgI3njoc6MC42KQ",
			"group" : "CordCloud",
			"enable" : true,
			"udp_over_tcp" : false
		},
		{
			"remarks" : "美国RN(倍率:0.7)",
			"id" : "73549AF7C7199E7FF528B8467E4CC562",
			"server" : "43.226.26.122",
			"server_port" : 29034,
			"server_udp_port" : 0,
			"password" : "zIeStj",
			"method" : "chacha20-ietf",
			"protocol" : "origin",
			"protocolparam" : "",
			"obfs" : "plain",
			"obfsparam" : "",
			"remarks_base64" : "576O5Zu9Uk4o5YCN546HOjAuNyk",
			"group" : "CordCloud",
			"enable" : true,
			"udp_over_tcp" : false
		},
		{
			"remarks" : "韩国Azure(倍率:1)",
			"id" : "34CA8F6BC0AC91BA977982EB6794DB9E",
			"server" : "52.231.29.150",
			"server_port" : 29034,
			"server_udp_port" : 0,
			"password" : "zIeStj",
			"method" : "chacha20-ietf",
			"protocol" : "origin",
			"protocolparam" : "",
			"obfs" : "plain",
			"obfsparam" : "",
			"remarks_base64" : "6Z-p5Zu9QXp1cmUo5YCN546HOjEp",
			"group" : "CordCloud",
			"enable" : true,
			"udp_over_tcp" : false
		},
		{
			"remarks" : "韩国Azure2(倍率:1)",
			"id" : "0350D8BE8E60CA40EFAA56A16C33DC8A",
			"server" : "52.231.26.31",
			"server_port" : 29034,
			"server_udp_port" : 0,
			"password" : "zIeStj",
			"method" : "chacha20-ietf",
			"protocol" : "origin",
			"protocolparam" : "",
			"obfs" : "plain",
			"obfsparam" : "",
			"remarks_base64" : "6Z-p5Zu9QXp1cmUyKOWAjeeOhzoxKQ",
			"group" : "CordCloud",
			"enable" : true,
			"udp_over_tcp" : false
		},
		{
			"remarks" : "香港Azure6(倍率:1)",
			"id" : "BCC1AFAE726FF4A000B0F779D30448A5",
			"server" : "65.52.184.45",
			"server_port" : 29034,
			"server_udp_port" : 0,
			"password" : "zIeStj",
			"method" : "chacha20-ietf",
			"protocol" : "origin",
			"protocolparam" : "",
			"obfs" : "plain",
			"obfsparam" : "",
			"remarks_base64" : "6aaZ5rivQXp1cmU2KOWAjeeOhzoxKQ",
			"group" : "CordCloud",
			"enable" : true,
			"udp_over_tcp" : false
		},
		{
			"remarks" : "香港Azure转香港HGC(Azure端免费请直接连接)(倍率:0)",
			"id" : "DA2B8FC5FFC0AFF791A7B6EF35BC02AB",
			"server" : "65.52.176.98",
			"server_port" : 29034,
			"server_udp_port" : 0,
			"password" : "zIeStj",
			"method" : "chacha20-ietf",
			"protocol" : "origin",
			"protocolparam" : "",
			"obfs" : "plain",
			"obfsparam" : "",
			"remarks_base64" : "6aaZ5rivQXp1cmXovazpppnmuK9IR0MoQXp1cmXnq6_lhY3otLnor7fnm7TmjqXov57mjqUpKOWAjeeOhzowKQ",
			"group" : "CordCloud",
			"enable" : true,
			"udp_over_tcp" : false
		},
		{
			"remarks" : "香港Azure转香港HKT2(Azure端免费请直接连接)(倍率:0)",
			"id" : "200FD23FAF6533988567A3F0BD5F0066",
			"server" : "40.83.114.125",
			"server_port" : 29034,
			"server_udp_port" : 0,
			"password" : "zIeStj",
			"method" : "chacha20-ietf",
			"protocol" : "origin",
			"protocolparam" : "",
			"obfs" : "plain",
			"obfsparam" : "",
			"remarks_base64" : "6aaZ5rivQXp1cmXovazpppnmuK9IS1QyKEF6dXJl56uv5YWN6LS56K-355u05o6l6L-e5o6lKSjlgI3njoc6MCk",
			"group" : "CordCloud",
			"enable" : true,
			"udp_over_tcp" : false
		},
		{
			"remarks" : "香港Azure转香港HKTA(Azure端免费请直接连接)(倍率:0)",
			"id" : "3AD162036981C971378137861F98797C",
			"server" : "13.94.59.222",
			"server_port" : 29034,
			"server_udp_port" : 0,
			"password" : "zIeStj",
			"method" : "chacha20-ietf",
			"protocol" : "origin",
			"protocolparam" : "",
			"obfs" : "plain",
			"obfsparam" : "",
			"remarks_base64" : "6aaZ5rivQXp1cmXovazpppnmuK9IS1RBKEF6dXJl56uv5YWN6LS56K-355u05o6l6L-e5o6lKSjlgI3njoc6MCk",
			"group" : "CordCloud",
			"enable" : true,
			"udp_over_tcp" : false
		},
		{
			"remarks" : "香港HGC4(倍率:0.7)",
			"id" : "10D3A3D8D5ED5B2FCFFEB9098850C1A1",
			"server" : "hk.hgc4.ccddns.online",
			"server_port" : 29034,
			"server_udp_port" : 0,
			"password" : "zIeStj",
			"method" : "chacha20-ietf",
			"protocol" : "origin",
			"protocolparam" : "",
			"obfs" : "plain",
			"obfsparam" : "",
			"remarks_base64" : "6aaZ5rivSEdDNCjlgI3njoc6MC43KQ",
			"group" : "CordCloud",
			"enable" : true,
			"udp_over_tcp" : false
		},
		{
			"remarks" : "台湾Hinet18(倍率:0.9)",
			"id" : "3112833C48CA12EBC7800FF7A3F71DC1",
			"server" : "tw.hinet18.ccddns.online",
			"server_port" : 29034,
			"server_udp_port" : 0,
			"password" : "zIeStj",
			"method" : "chacha20-ietf",
			"protocol" : "origin",
			"protocolparam" : "",
			"obfs" : "plain",
			"obfsparam" : "",
			"remarks_base64" : "5Y-w5rm-SGluZXQxOCjlgI3njoc6MC45KQ",
			"group" : "CordCloud",
			"enable" : true,
			"udp_over_tcp" : false
		},
		{
			"remarks" : "台湾Hinet19(倍率:0.9)",
			"id" : "11EEFFF5DD228C5958A90DB8D909880A",
			"server" : "tw.hinet19.ccddns.online",
			"server_port" : 29034,
			"server_udp_port" : 0,
			"password" : "zIeStj",
			"method" : "chacha20-ietf",
			"protocol" : "origin",
			"protocolparam" : "",
			"obfs" : "plain",
			"obfsparam" : "",
			"remarks_base64" : "5Y-w5rm-SGluZXQxOSjlgI3njoc6MC45KQ",
			"group" : "CordCloud",
			"enable" : true,
			"udp_over_tcp" : false
		},
		{
			"remarks" : "日本IDCF7(倍率:0.8)",
			"id" : "62BD1D2CE3EAE600DFB081FFAAE67E78",
			"server" : "210.152.13.123",
			"server_port" : 29034,
			"server_udp_port" : 0,
			"password" : "zIeStj",
			"method" : "chacha20-ietf",
			"protocol" : "origin",
			"protocolparam" : "",
			"obfs" : "plain",
			"obfsparam" : "",
			"remarks_base64" : "5pel5pysSURDRjco5YCN546HOjAuOCk",
			"group" : "CordCloud",
			"enable" : true,
			"udp_over_tcp" : false
		}
	],
	"index" : 45,
	"random" : true,
	"sysProxyMode" : 2,
	"shareOverLan" : false,
	"localPort" : 1080,
	"localAuthPassword" : "Q6BWSZozuN-lmxryHSRj",
	"dnsServer" : "",
	"reconnectTimes" : 2,
	"randomAlgorithm" : 3,
	"randomInGroup" : false,
	"TTL" : 0,
	"connectTimeout" : 5,
	"proxyRuleMode" : 2,
	"proxyEnable" : true,
	"pacDirectGoProxy" : false,
	"proxyType" : 0,
	"proxyHost" : "",
	"proxyPort" : 0,
	"proxyAuthUser" : "",
	"proxyAuthPass" : "",
	"proxyUserAgent" : "",
	"authUser" : "",
	"authPass" : "",
	"autoBan" : false,
	"sameHostForSameTarget" : false,
	"keepVisitTime" : 180,
	"isHideTips" : false,
	"nodeFeedAutoUpdate" : true,
	"serverSubscribes" : [
		{
			"URL" : "https://www.cordcord.xyz/link/EUXhc75A6bjRp9R3?mu=0",
			"Group" : "CordCloud"
		}
	],
	"token" : {

	},
	"portMap" : {

	}
}