{
	"cnjp.iplc4.ccddns.online" : {
		"totalUploadBytes" : 18218454,
		"totalDownloadBytes" : 3668831461
	},
	"tw.hinet9.ccddns.online" : {
		"totalUploadBytes" : 8369809,
		"totalDownloadBytes" : 1337126052
	},
	"14.192.49.139" : {
		"totalUploadBytes" : 218955,
		"totalDownloadBytes" : 2143229
	},
	"154.9.206.135" : {
		"totalUploadBytes" : 6746091,
		"totalDownloadBytes" : 380792206
	},
	"104.251.225.116" : {
		"totalUploadBytes" : 737,
		"totalDownloadBytes" : 17424
	},
	"tw.hinet7.ccddns.online" : {
		"totalUploadBytes" : 28142634,
		"totalDownloadBytes" : 8991518988
	},
	"tw.hinet8.ccddns.online" : {
		"totalUploadBytes" : 828200,
		"totalDownloadBytes" : 271392260
	},
	"160.20.146.3" : {
		"totalUploadBytes" : 616,
		"totalDownloadBytes" : 4327
	},
	"cnjp.iplc2.ccddns.online" : {
		"totalUploadBytes" : 38400171,
		"totalDownloadBytes" : 10446052259
	},
	"hk.wtt2.ccddns.online" : {
		"totalUploadBytes" : 733,
		"totalDownloadBytes" : 17424
	},
	"jp.gmo2.ccddns.online" : {
		"totalUploadBytes" : 22729595,
		"totalDownloadBytes" : 3483448138
	},
	"jp.gmo4.ccddns.online" : {
		"totalUploadBytes" : 55277,
		"totalDownloadBytes" : 13803286
	},
	"jp.odn.ccddns.online" : {
		"totalUploadBytes" : 1248352,
		"totalDownloadBytes" : 372278586
	},
	"cnjp.iplc3.ccddns.online" : {
		"totalUploadBytes" : 20810238,
		"totalDownloadBytes" : 3460426641
	},
	"210.152.13.84" : {
		"totalUploadBytes" : 8160985,
		"totalDownloadBytes" : 771151599
	},
	"203.137.163.128" : {
		"totalUploadBytes" : 1782882,
		"totalDownloadBytes" : 399545831
	},
	"tw.hinet6.ccddns.online" : {
		"totalUploadBytes" : 455245,
		"totalDownloadBytes" : 10455591
	},
	"tw.hinet2.ccddns.online" : {
		"totalUploadBytes" : 11397563,
		"totalDownloadBytes" : 1723463716
	},
	"45.11.2.211" : {
		"totalUploadBytes" : 192677,
		"totalDownloadBytes" : 1207006
	},
	"210.129.9.89" : {
		"totalUploadBytes" : 2072513,
		"totalDownloadBytes" : 563765423
	},
	"hk.iplc14.ccddns.online" : {
		"totalUploadBytes" : 7036518,
		"totalDownloadBytes" : 1089107316
	},
	"cnjp.iplc6.ccddns.online" : {
		"totalUploadBytes" : 2698989,
		"totalDownloadBytes" : 84957854
	},
	"hk.iplc18.ccddns.online" : {
		"totalUploadBytes" : 17975813,
		"totalDownloadBytes" : 3733421301
	},
	"kr.kt4.ccddns.online" : {
		"totalUploadBytes" : 1021515,
		"totalDownloadBytes" : 20011259
	},
	"hk.iplc24.ccddns.online" : {
		"totalUploadBytes" : 12558397,
		"totalDownloadBytes" : 1987249270
	},
	"210.129.9.23" : {
		"totalUploadBytes" : 22362364,
		"totalDownloadBytes" : 4216593977
	},
	"cnjp.iplc5.ccddns.online" : {
		"totalUploadBytes" : 666397,
		"totalDownloadBytes" : 4127491
	},
	"tw.hinet3.ccddns.online" : {
		"totalUploadBytes" : 325224,
		"totalDownloadBytes" : 13648289
	},
	"cnjp.iplc.ccddns.online" : {
		"totalUploadBytes" : 5232134,
		"totalDownloadBytes" : 1091489888
	},
	"hk.iplc22.ccddns.online" : {
		"totalUploadBytes" : 18934846,
		"totalDownloadBytes" : 1378763875
	},
	"47.102.96.177" : {
		"totalUploadBytes" : 5528,
		"totalDownloadBytes" : 17424
	},
	"47.112.21.254" : {
		"totalUploadBytes" : 88081,
		"totalDownloadBytes" : 16001651
	},
	"47.106.222.31" : {
		"totalUploadBytes" : 1526,
		"totalDownloadBytes" : 17424
	},
	"120.77.157.245" : {
		"totalUploadBytes" : 31731,
		"totalDownloadBytes" : 420561
	},
	"120.78.7.133" : {
		"totalUploadBytes" : 40978,
		"totalDownloadBytes" : 5440306
	},
	"47.106.218.250" : {
		"totalUploadBytes" : 1728,
		"totalDownloadBytes" : 0
	},
	"hk.iplc16.ccddns.online" : {
		"totalUploadBytes" : 86028,
		"totalDownloadBytes" : 1294208
	},
	"hk.iplc20.ccddns.online" : {
		"totalUploadBytes" : 52533,
		"totalDownloadBytes" : 265274
	},
	"120.79.224.57" : {
		"totalUploadBytes" : 1689,
		"totalDownloadBytes" : 11616
	},
	"117.50.69.227" : {
		"totalUploadBytes" : 43777,
		"totalDownloadBytes" : 171576
	},
	"103.56.63.42" : {
		"totalUploadBytes" : 5473,
		"totalDownloadBytes" : 0
	},
	"tw.hinet4.ccddns.online" : {
		"totalUploadBytes" : 300537,
		"totalDownloadBytes" : 4612453
	},
	"cchktc.ccddns.online" : {
		"totalUploadBytes" : 57370,
		"totalDownloadBytes" : 829360
	},
	"cchkt7.ccddns.online" : {
		"totalUploadBytes" : 124409,
		"totalDownloadBytes" : 4009647
	},
	"hk.iepl-bgp3.ccddns.online" : {
		"totalUploadBytes" : 14331113,
		"totalDownloadBytes" : 3372324383
	},
	"hk.iepl-bgp.ccddns.online" : {
		"totalUploadBytes" : 388381,
		"totalDownloadBytes" : 4345041
	},
	"cchktb.f2ggj7.ccddns.online" : {
		"totalUploadBytes" : 349553,
		"totalDownloadBytes" : 8378535
	},
	"hk.iepl-hgc.ccddns.online" : {
		"totalUploadBytes" : 65369,
		"totalDownloadBytes" : 5311354
	},
	"cnjp.iplc7.ccddns.online" : {
		"totalUploadBytes" : 5213,
		"totalDownloadBytes" : 39648
	},
	"cchkt4.ccddns.online" : {
		"totalUploadBytes" : 111851,
		"totalDownloadBytes" : 759538
	},
	"hk.iepl-hkt.ccddns.online" : {
		"totalUploadBytes" : 221493,
		"totalDownloadBytes" : 19664918
	},
	"cchkt11.ccddns.online" : {
		"totalUploadBytes" : 147830,
		"totalDownloadBytes" : 1126092
	},
	"cchkt9.ccddns.online" : {
		"totalUploadBytes" : 12824,
		"totalDownloadBytes" : 96762
	},
	"hk.iepl-icable.ccddns.online" : {
		"totalUploadBytes" : 56073,
		"totalDownloadBytes" : 2218045
	},
	"hk.iepl-bgp2.ccddns.online" : {
		"totalUploadBytes" : 181809,
		"totalDownloadBytes" : 644324
	},
	"hk.iepl-hgc2.ccddns.online" : {
		"totalUploadBytes" : 21321,
		"totalDownloadBytes" : 131076
	},
	"hk.iepl-wtt.ccddns.online" : {
		"totalUploadBytes" : 3957581,
		"totalDownloadBytes" : 169428966
	},
	"hk.iepl-hkt2.ccddns.online" : {
		"totalUploadBytes" : 148919,
		"totalDownloadBytes" : 3234190
	},
	"tw.hinet.ccddns.online" : {
		"totalUploadBytes" : 76385,
		"totalDownloadBytes" : 4837385
	},
	"tw.hinet12.ccddns.online" : {
		"totalUploadBytes" : 611158,
		"totalDownloadBytes" : 12033518
	},
	"tw.hinet11.ccddns.online" : {
		"totalUploadBytes" : 45817,
		"totalDownloadBytes" : 202950
	},
	"154.95.1.5" : {
		"totalUploadBytes" : 164782,
		"totalDownloadBytes" : 3768841
	},
	"jp.ali3.ccddns.online" : {
		"totalUploadBytes" : 34471,
		"totalDownloadBytes" : 301914
	},
	"154.95.1.4" : {
		"totalUploadBytes" : 146568,
		"totalDownloadBytes" : 14034499
	},
	"154.95.1.7" : {
		"totalUploadBytes" : 206518,
		"totalDownloadBytes" : 6877151
	},
	"cchktf.ccddns.online" : {
		"totalUploadBytes" : 293827,
		"totalDownloadBytes" : 32156894
	},
	"154.95.1.9" : {
		"totalUploadBytes" : 179451,
		"totalDownloadBytes" : 33639406
	},
	"154.95.1.6" : {
		"totalUploadBytes" : 95640,
		"totalDownloadBytes" : 2173176
	},
	"tw.hinet15.ccddns.online" : {
		"totalUploadBytes" : 16136,
		"totalDownloadBytes" : 166227
	},
	"154.95.1.3" : {
		"totalUploadBytes" : 68804,
		"totalDownloadBytes" : 6494031
	},
	"jp.ali.wgmhd1.ccddns.online" : {
		"totalUploadBytes" : 56843,
		"totalDownloadBytes" : 284271
	},
	"154.95.1.8" : {
		"totalUploadBytes" : 65904,
		"totalDownloadBytes" : 3741552
	},
	"154.95.1.2" : {
		"totalUploadBytes" : 131717,
		"totalDownloadBytes" : 21147368
	},
	"154.95.1.10" : {
		"totalUploadBytes" : 67633,
		"totalDownloadBytes" : 1351375
	},
	"154.95.1.11" : {
		"totalUploadBytes" : 62918,
		"totalDownloadBytes" : 3189712
	},
	"210.152.84.93" : {
		"totalUploadBytes" : 166950,
		"totalDownloadBytes" : 12167423
	},
	"142.54.171.181" : {
		"totalUploadBytes" : 108597,
		"totalDownloadBytes" : 10747357
	},
	"65.49.71.88" : {
		"totalUploadBytes" : 115387,
		"totalDownloadBytes" : 5107978
	},
	"154.95.1.18" : {
		"totalUploadBytes" : 73568,
		"totalDownloadBytes" : 3341067
	},
	"us.aws.ccddns.online" : {
		"totalUploadBytes" : 63836,
		"totalDownloadBytes" : 9331099
	},
	"96.44.141.54" : {
		"totalUploadBytes" : 53803,
		"totalDownloadBytes" : 2551763
	},
	"65.49.71.109" : {
		"totalUploadBytes" : 142525,
		"totalDownloadBytes" : 4164770
	},
	"us.anch5.ccddns.online" : {
		"totalUploadBytes" : 93915,
		"totalDownloadBytes" : 6894190
	},
	"154.95.1.21" : {
		"totalUploadBytes" : 97274,
		"totalDownloadBytes" : 3100813
	},
	"us.mc2.ccddns.online" : {
		"totalUploadBytes" : 277818,
		"totalDownloadBytes" : 19900125
	},
	"142.54.171.179" : {
		"totalUploadBytes" : 186054,
		"totalDownloadBytes" : 11116919
	},
	"203.137.161.165" : {
		"totalUploadBytes" : 113769,
		"totalDownloadBytes" : 5711508
	},
	"cchkbn.ccddns.online" : {
		"totalUploadBytes" : 86188,
		"totalDownloadBytes" : 936231
	},
	"92.223.80.188" : {
		"totalUploadBytes" : 78445,
		"totalDownloadBytes" : 4814861
	},
	"92.223.80.192" : {
		"totalUploadBytes" : 63296,
		"totalDownloadBytes" : 3718032
	},
	"sgp.aws.ccddns.online" : {
		"totalUploadBytes" : 33501,
		"totalDownloadBytes" : 487259
	},
	"tw.hinet5.ccddns.online" : {
		"totalUploadBytes" : 103318,
		"totalDownloadBytes" : 9896353
	},
	"142.54.171.180" : {
		"totalUploadBytes" : 53660,
		"totalDownloadBytes" : 3911636
	},
	"96.44.141.50" : {
		"totalUploadBytes" : 37019,
		"totalDownloadBytes" : 660521
	},
	"us.anch13.ccddns.online" : {
		"totalUploadBytes" : 70955,
		"totalDownloadBytes" : 161687381
	},
	"jp.gmo5.ccddns.online" : {
		"totalUploadBytes" : 347771,
		"totalDownloadBytes" : 3285453
	},
	"us.anch3.ccddns.online" : {
		"totalUploadBytes" : 64143,
		"totalDownloadBytes" : 1960167
	},
	"139.162.68.47" : {
		"totalUploadBytes" : 245679,
		"totalDownloadBytes" : 13088463
	},
	"us.mc.ccddns.online" : {
		"totalUploadBytes" : 87837,
		"totalDownloadBytes" : 2016959
	},
	"92.223.80.123" : {
		"totalUploadBytes" : 321954,
		"totalDownloadBytes" : 2810638
	},
	"210.152.87.146" : {
		"totalUploadBytes" : 116586,
		"totalDownloadBytes" : 4842045
	},
	"96.44.141.53" : {
		"totalUploadBytes" : 93029,
		"totalDownloadBytes" : 4604104
	},
	"cchkte.ccddns.online" : {
		"totalUploadBytes" : 4165,
		"totalDownloadBytes" : 30727
	},
	"193.38.139.166" : {
		"totalUploadBytes" : 24394,
		"totalDownloadBytes" : 92538
	},
	"210.152.114.3" : {
		"totalUploadBytes" : 137428,
		"totalDownloadBytes" : 17751697
	},
	"210.129.10.109" : {
		"totalUploadBytes" : 136288,
		"totalDownloadBytes" : 12307875
	},
	"us.anch7.ccddns.online" : {
		"totalUploadBytes" : 84184,
		"totalDownloadBytes" : 27538561
	},
	"103.136.186.106" : {
		"totalUploadBytes" : 40753,
		"totalDownloadBytes" : 2581264
	},
	"ru.mel.ccddns.online" : {
		"totalUploadBytes" : 20979,
		"totalDownloadBytes" : 397744
	},
	"jp.aws.ccddns.online" : {
		"totalUploadBytes" : 32191,
		"totalDownloadBytes" : 24438221
	},
	"203.137.193.181" : {
		"totalUploadBytes" : 1231781,
		"totalDownloadBytes" : 589821248
	},
	"45.137.148.147" : {
		"totalUploadBytes" : 53460,
		"totalDownloadBytes" : 1444307
	},
	"kr.aws.ccddns.online" : {
		"totalUploadBytes" : 52795,
		"totalDownloadBytes" : 651301
	},
	"203.137.193.163" : {
		"totalUploadBytes" : 141769,
		"totalDownloadBytes" : 4330658
	},
	"92.223.80.191" : {
		"totalUploadBytes" : 136021,
		"totalDownloadBytes" : 8559009
	},
	"194.32.79.239" : {
		"totalUploadBytes" : 35765,
		"totalDownloadBytes" : 4025963
	},
	"142.54.171.178" : {
		"totalUploadBytes" : 310521,
		"totalDownloadBytes" : 6048376
	},
	"154.95.1.19" : {
		"totalUploadBytes" : 87501,
		"totalDownloadBytes" : 1925043
	},
	"92.223.80.112" : {
		"totalUploadBytes" : 64666,
		"totalDownloadBytes" : 5409788
	},
	"45.88.43.207" : {
		"totalUploadBytes" : 63331,
		"totalDownloadBytes" : 9277530
	},
	"96.44.141.52" : {
		"totalUploadBytes" : 39222,
		"totalDownloadBytes" : 325727
	},
	"107.148.242.99" : {
		"totalUploadBytes" : 18123,
		"totalDownloadBytes" : 38857
	},
	"175.98.194.120" : {
		"totalUploadBytes" : 10078,
		"totalDownloadBytes" : 218920
	},
	"38.147.165.126" : {
		"totalUploadBytes" : 16576,
		"totalDownloadBytes" : 76577
	},
	"23.99.111.42" : {
		"totalUploadBytes" : 184813,
		"totalDownloadBytes" : 6093942
	},
	"23.160.193.171" : {
		"totalUploadBytes" : 146350,
		"totalDownloadBytes" : 4456645
	},
	"us.mc4.ccddns.online" : {
		"totalUploadBytes" : 117298,
		"totalDownloadBytes" : 8787907
	},
	"45.137.217.19" : {
		"totalUploadBytes" : 17616,
		"totalDownloadBytes" : 608670
	},
	"134.73.55.205" : {
		"totalUploadBytes" : 14239,
		"totalDownloadBytes" : 1662287
	},
	"183.61.251.119" : {
		"totalUploadBytes" : 72988,
		"totalDownloadBytes" : 549059
	},
	"107.148.242.98" : {
		"totalUploadBytes" : 14418,
		"totalDownloadBytes" : 189979
	},
	"23.99.111.64" : {
		"totalUploadBytes" : 129336,
		"totalDownloadBytes" : 5230027
	},
	"154.95.1.20" : {
		"totalUploadBytes" : 324190,
		"totalDownloadBytes" : 6435562
	},
	"207.46.138.39" : {
		"totalUploadBytes" : 174154,
		"totalDownloadBytes" : 9939535
	},
	"192.161.179.38" : {
		"totalUploadBytes" : 69385,
		"totalDownloadBytes" : 205174
	},
	"hk-ali4.c266sr.ccddns.online" : {
		"totalUploadBytes" : 6732,
		"totalDownloadBytes" : 1049292
	},
	"98.126.31.203" : {
		"totalUploadBytes" : 172127,
		"totalDownloadBytes" : 7437379
	},
	"23.99.116.113" : {
		"totalUploadBytes" : 101710,
		"totalDownloadBytes" : 9290784
	},
	"23.99.117.231" : {
		"totalUploadBytes" : 274272,
		"totalDownloadBytes" : 5037880
	},
	"45.117.40.84" : {
		"totalUploadBytes" : 108841,
		"totalDownloadBytes" : 3211066
	},
	"210.129.10.217" : {
		"totalUploadBytes" : 139487,
		"totalDownloadBytes" : 4349821
	},
	"45.117.40.86" : {
		"totalUploadBytes" : 6277,
		"totalDownloadBytes" : 65545
	},
	"uk.vh.ccddns.online" : {
		"totalUploadBytes" : 75080,
		"totalDownloadBytes" : 4891985
	},
	"183.61.251.120" : {
		"totalUploadBytes" : 121935,
		"totalDownloadBytes" : 6943453
	},
	"134.73.55.204" : {
		"totalUploadBytes" : 24052,
		"totalDownloadBytes" : 1215971
	},
	"67.198.189.54" : {
		"totalUploadBytes" : 184946,
		"totalDownloadBytes" : 247201823
	},
	"134.73.55.206" : {
		"totalUploadBytes" : 6830,
		"totalDownloadBytes" : 115588
	},
	"45.117.40.87" : {
		"totalUploadBytes" : 5050,
		"totalDownloadBytes" : 13622
	},
	"45.117.40.89" : {
		"totalUploadBytes" : 2420,
		"totalDownloadBytes" : 12219
	},
	"us.mc5.ccddns.online" : {
		"totalUploadBytes" : 95078,
		"totalDownloadBytes" : 5470581
	},
	"jp.cloudn.ccddns.online" : {
		"totalUploadBytes" : 59807,
		"totalDownloadBytes" : 1817956
	},
	"us.do.ccddns.online" : {
		"totalUploadBytes" : 52874,
		"totalDownloadBytes" : 192914
	},
	"us.mc3.ccddns.online" : {
		"totalUploadBytes" : 201456,
		"totalDownloadBytes" : 4111953
	},
	"jp.webarena2.ccddns.online" : {
		"totalUploadBytes" : 3527,
		"totalDownloadBytes" : 6777
	},
	"134.73.55.154" : {
		"totalUploadBytes" : 606,
		"totalDownloadBytes" : 0
	},
	"jp.webarena.ccddns.online" : {
		"totalUploadBytes" : 81334,
		"totalDownloadBytes" : 7523540
	},
	"103.56.62.134" : {
		"totalUploadBytes" : 37770,
		"totalDownloadBytes" : 1293506
	},
	"us.anch19.ccddns.online" : {
		"totalUploadBytes" : 116123,
		"totalDownloadBytes" : 1906919
	},
	"107.148.242.100" : {
		"totalUploadBytes" : 12379,
		"totalDownloadBytes" : 388599
	},
	"107.148.242.101" : {
		"totalUploadBytes" : 1726,
		"totalDownloadBytes" : 14426
	},
	"134.73.55.81" : {
		"totalUploadBytes" : 45544,
		"totalDownloadBytes" : 1134255
	},
	"107.148.242.97" : {
		"totalUploadBytes" : 32824,
		"totalDownloadBytes" : 1005131
	},
	"194.32.79.48" : {
		"totalUploadBytes" : 15072,
		"totalDownloadBytes" : 541416
	},
	"45.117.40.88" : {
		"totalUploadBytes" : 4954,
		"totalDownloadBytes" : 21539
	},
	"45.117.40.85" : {
		"totalUploadBytes" : 45560,
		"totalDownloadBytes" : 97024
	},
	"134.73.55.202" : {
		"totalUploadBytes" : 25261,
		"totalDownloadBytes" : 64985
	},
	"38.147.165.10" : {
		"totalUploadBytes" : 105186,
		"totalDownloadBytes" : 397599
	},
	"107.175.17.143" : {
		"totalUploadBytes" : 7659,
		"totalDownloadBytes" : 96420
	},
	"173.254.223.62" : {
		"totalUploadBytes" : 49023,
		"totalDownloadBytes" : 206621
	},
	"185.206.21.82" : {
		"totalUploadBytes" : 721,
		"totalDownloadBytes" : 5528
	},
	"cn.shun.ccddns.online" : {
		"totalUploadBytes" : 17027,
		"totalDownloadBytes" : 150364
	},
	"hk.icable.ccddns.online" : {
		"totalUploadBytes" : 11230,
		"totalDownloadBytes" : 62944
	},
	"185.206.21.83" : {
		"totalUploadBytes" : 107670,
		"totalDownloadBytes" : 18878342
	},
	"193.38.139.157" : {
		"totalUploadBytes" : 535,
		"totalDownloadBytes" : 46643
	},
	"us.anch15.ccddns.online" : {
		"totalUploadBytes" : 47462,
		"totalDownloadBytes" : 1325437
	},
	"20.184.10.66" : {
		"totalUploadBytes" : 54590,
		"totalDownloadBytes" : 630672
	},
	"173.254.223.58" : {
		"totalUploadBytes" : 9092,
		"totalDownloadBytes" : 33746
	},
	"173.254.223.59" : {
		"totalUploadBytes" : 113449,
		"totalDownloadBytes" : 76942
	},
	"43.224.227.245" : {
		"totalUploadBytes" : 1332,
		"totalDownloadBytes" : 0
	},
	"185.206.21.85" : {
		"totalUploadBytes" : 169491,
		"totalDownloadBytes" : 8794508
	},
	"134.73.55.203" : {
		"totalUploadBytes" : 16773,
		"totalDownloadBytes" : 270931
	},
	"173.254.223.61" : {
		"totalUploadBytes" : 70087,
		"totalDownloadBytes" : 393953
	},
	"185.206.21.84" : {
		"totalUploadBytes" : 14291,
		"totalDownloadBytes" : 99568
	},
	"185.206.21.86" : {
		"totalUploadBytes" : 135685,
		"totalDownloadBytes" : 2435810
	},
	"173.254.223.60" : {
		"totalUploadBytes" : 19180,
		"totalDownloadBytes" : 83354
	},
	"cchkbn3.ccddns.online" : {
		"totalUploadBytes" : 58170,
		"totalDownloadBytes" : 7648115
	},
	"183.61.251.106" : {
		"totalUploadBytes" : 109442,
		"totalDownloadBytes" : 8110537
	},
	"43.224.225.53" : {
		"totalUploadBytes" : 17967,
		"totalDownloadBytes" : 3625561
	},
	"45.151.175.129" : {
		"totalUploadBytes" : 30825,
		"totalDownloadBytes" : 2509444
	},
	"52.231.29.150" : {
		"totalUploadBytes" : 44101,
		"totalDownloadBytes" : 2914947
	},
	"23.247.22.150" : {
		"totalUploadBytes" : 96680,
		"totalDownloadBytes" : 9636671
	},
	"52.231.26.31" : {
		"totalUploadBytes" : 28912,
		"totalDownloadBytes" : 246486
	},
	"43.224.225.59" : {
		"totalUploadBytes" : 109398,
		"totalDownloadBytes" : 1804417
	},
	"hk.iepl-hkte.ccddns.online" : {
		"totalUploadBytes" : 100519,
		"totalDownloadBytes" : 2089843
	},
	"hk.hgc4.ccddns.online" : {
		"totalUploadBytes" : 133527,
		"totalDownloadBytes" : 4453265
	},
	"43.224.225.57" : {
		"totalUploadBytes" : 187160,
		"totalDownloadBytes" : 3561021
	},
	"tw.hinet13.ccddns.online" : {
		"totalUploadBytes" : 33499,
		"totalDownloadBytes" : 4569986
	},
	"23.89.101.170" : {
		"totalUploadBytes" : 43131,
		"totalDownloadBytes" : 3581868
	},
	"23.89.101.172" : {
		"totalUploadBytes" : 139804,
		"totalDownloadBytes" : 8571635
	},
	"tw.hinet16.ccddns.online" : {
		"totalUploadBytes" : 111400,
		"totalDownloadBytes" : 4994675
	},
	"65.52.184.45" : {
		"totalUploadBytes" : 57010,
		"totalDownloadBytes" : 16796840
	},
	"210.140.42.223" : {
		"totalUploadBytes" : 110967,
		"totalDownloadBytes" : 2523337
	},
	"cchkt2.ccddns.online" : {
		"totalUploadBytes" : 41822,
		"totalDownloadBytes" : 42970679
	},
	"40.83.114.125" : {
		"totalUploadBytes" : 79109,
		"totalDownloadBytes" : 2246065
	},
	"43.224.225.61" : {
		"totalUploadBytes" : 39186,
		"totalDownloadBytes" : 576194
	},
	"43.224.225.54" : {
		"totalUploadBytes" : 100121,
		"totalDownloadBytes" : 17820307
	},
	"107.174.244.107" : {
		"totalUploadBytes" : 53523,
		"totalDownloadBytes" : 401519
	},
	"23.89.101.171" : {
		"totalUploadBytes" : 118351,
		"totalDownloadBytes" : 4035463
	},
	"104.41.177.244" : {
		"totalUploadBytes" : 25741,
		"totalDownloadBytes" : 1008870
	},
	"23.89.101.173" : {
		"totalUploadBytes" : 622203,
		"totalDownloadBytes" : 1964239
	},
	"45.151.175.137" : {
		"totalUploadBytes" : 54870,
		"totalDownloadBytes" : 1517772
	},
	"23.247.22.147" : {
		"totalUploadBytes" : 58347,
		"totalDownloadBytes" : 5526300
	},
	"tw.hinet17.ccddns.online" : {
		"totalUploadBytes" : 110635,
		"totalDownloadBytes" : 8025321
	},
	"23.102.78.115" : {
		"totalUploadBytes" : 64391,
		"totalDownloadBytes" : 2585194
	},
	"43.224.225.50" : {
		"totalUploadBytes" : 18259,
		"totalDownloadBytes" : 812246
	},
	"43.226.26.122" : {
		"totalUploadBytes" : 91882,
		"totalDownloadBytes" : 1801033
	},
	"43.224.225.51" : {
		"totalUploadBytes" : 147864,
		"totalDownloadBytes" : 2411436
	},
	"43.224.225.52" : {
		"totalUploadBytes" : 103222,
		"totalDownloadBytes" : 1092511
	},
	"23.245.183.59" : {
		"totalUploadBytes" : 35354,
		"totalDownloadBytes" : 15183785
	},
	"45.151.175.119" : {
		"totalUploadBytes" : 36018,
		"totalDownloadBytes" : 1681331
	},
	"65.52.176.98" : {
		"totalUploadBytes" : 81872,
		"totalDownloadBytes" : 10778427
	},
	"43.224.225.56" : {
		"totalUploadBytes" : 59830,
		"totalDownloadBytes" : 31334460
	},
	"tw.hinet10.ccddns.online" : {
		"totalUploadBytes" : 125654,
		"totalDownloadBytes" : 7414228
	},
	"210.140.42.34" : {
		"totalUploadBytes" : 106592,
		"totalDownloadBytes" : 11620412
	},
	"43.224.225.55" : {
		"totalUploadBytes" : 58679,
		"totalDownloadBytes" : 7552717
	},
	"45.151.175.135" : {
		"totalUploadBytes" : 26610,
		"totalDownloadBytes" : 2437897
	},
	"23.247.22.148" : {
		"totalUploadBytes" : 83011,
		"totalDownloadBytes" : 1947470
	},
	"43.224.225.58" : {
		"totalUploadBytes" : 78414,
		"totalDownloadBytes" : 908384
	},
	"23.89.101.174" : {
		"totalUploadBytes" : 123822,
		"totalDownloadBytes" : 6287479
	},
	"23.247.22.146" : {
		"totalUploadBytes" : 49073,
		"totalDownloadBytes" : 10853532
	},
	"cn.shcn2.ccddns.online" : {
		"totalUploadBytes" : 97069,
		"totalDownloadBytes" : 1561878
	},
	"43.224.225.60" : {
		"totalUploadBytes" : 27655,
		"totalDownloadBytes" : 320032
	},
	"tw.hinet19.ccddns.online" : {
		"totalUploadBytes" : 91670,
		"totalDownloadBytes" : 61635616
	},
	"tw.hinet18.ccddns.online" : {
		"totalUploadBytes" : 61621,
		"totalDownloadBytes" : 7371831
	},
	"tw.hinet14.ccddns.online" : {
		"totalUploadBytes" : 15155,
		"totalDownloadBytes" : 242243
	},
	"45.151.175.134" : {
		"totalUploadBytes" : 37460,
		"totalDownloadBytes" : 1645112
	},
	"23.247.22.149" : {
		"totalUploadBytes" : 10828,
		"totalDownloadBytes" : 353981
	},
	"us.anch17.ccddns.online" : {
		"totalUploadBytes" : 17422,
		"totalDownloadBytes" : 40081
	},
	"210.152.13.123" : {
		"totalUploadBytes" : 13190,
		"totalDownloadBytes" : 1892730
	}
}